Agency,Account,State,Recipient,Project, Amount ,Requested by,Requested by 2
Rural Housing Service,Rural Community Facilities Program, WY,Casper/Natrona County International Air port,Air  Traffic  Control  Tower  Construction Project,"$3,000,000 ",Hageman,
Rural Housing Service,Rural Community Facilities Program, WV,Minnie Hamilton Health System,Minnie  Hamilton  Hospital  Renovation Project,"$1,750,000 ",Miller (WV),
Rural Housing Service,Rural Community Facilities Program, WV,Rivers Health,Rivers Health Emergency Department Ex pansion,"$2,628,000 ",Miller (WV),
Rural Housing Service,Rural Community Facilities Program, WV,"Preston County Senior Citizens, Inc.",Kingwood  Senior  Citizens  Expansion Project,"$712,500 ",Moore (WV),
Rural Housing Service,Rural Community Facilities Program, WV,Barbour County Commission,Barbour County Ambulance Authority Sta tion,"$1,668,750 ",Moore (WV),
Natural Resources Conservation Service,Conservation Operations, WI,City of Middleton,Greenway Establishment,"$525,000 ",Pocan,
Rural Housing Service,Rural Community Facilities Program, WI,City of Jefferson,City of Jefferson Food and Beverage Cam pus—CTH W Street Extension,"$1,099,670 ",Fitzgerald,
Rural Housing Service,Rural Community Facilities Program, WI,City of Dodgeville,Fire and Rescue Training Tower Construc tion,"$572,000 ",Pocan,
Rural Housing Service,Rural Community Facilities Program, WI,"Madison Area Rehabilitation Centers, Inc.,
d.b.a. MARC, Inc.",Facility Construction,"$1,000,000 ",Pocan,
Rural Housing Service,Rural Community Facilities Program, WI,"Sauk Prairie Healthcare, Inc.",Facility Construction,"$1,000,000 ",Pocan,
Rural Housing Service,Rural Community Facilities Program, WI,Reedsburg Area Medical Center,Facility Improvements,"$400,000 ",Pocan,
Rural Housing Service,Rural Community Facilities Program, WI,"Family Health Center of Marshfield, Inc.",Family Health Center of Marshfield,"$3,000,000 ",Van Orden,
Rural Housing Service,Rural Community Facilities Program, WI,Genoa Harmony Fire Department,Genoa Harmony Fire Engine,"$450,000 ",Van Orden,
Rural Housing Service,Rural Community Facilities Program, WI,Village of West Salem,Village of West Salem Public Safety Build ing,"$2,500,000 ",Van Orden,
Rural Housing Service,Rural Community Facilities Program, WI,Emplify Health at Bellin Health Oconto Hospital,Oconto Infusion Center Renovation,"$1,000,000 ",Wied,
Rural Utilities Service,Rural Water and Waste Disposal Program, WI,City of Jefferson,City  of  Jefferson  Food  and  Beverage Campus Water Extension and Stormwater Management,"$679,725 ",Fitzgerald,
Rural Utilities Service,Rural Water and Waste Disposal Program, WI,City of Cuba City,Cuba City Water and Sewer Project,"$1,586,913 ",Van Orden,
Rural Utilities Service,Rural Water and Waste Disposal Program, WI,Village of Viola,Village of Viola Well Project,"$1,344,750 ",Van Orden,
Agricultural Research Service,Buildings and Facilities, WA,Washington State University,USDA ARS Plant BioSciences Building Completion,"$1,000,000 ",Baumgartner,
Rural Housing Service,Rural Community Facilities Program, WA,NEW Health Programs Association,Chewelah Expansion and Regional Work force Development Center,"$2,000,000 ",Baumgartner,
Rural Housing Service,Rural Community Facilities Program, WA,TriState Health,Family Medicine Residency Project,"$1,000,000 ",Baumgartner,
Rural Housing Service,Rural Community Facilities Program, WA,"Snohomish County Public Hospital District No. 1, d.b.a. Evergreen Health Monroe",Facility  Improvements  and  Purchase  of Equipment,"$1,000,000 ",DelBene,
Rural Housing Service,Rural Community Facilities Program, WA,Friends of Orcas Senior Center,Facility Improvements,"$165,000 ",Larsen,
Rural Housing Service,Rural Community Facilities Program, WA,Lopez Food Center,Facility Construction,"$1,000,000 ",Larsen,
Rural Housing Service,Rural Community Facilities Program, WA,"Douglas, Grant, Lincoln, Okanagon Coun ties  Public  Hospital  District#6  (dba Coulee Medical Center)",Relief  for  the  Rural  Health  Workforce Project,"$3,020,475 ",Newhouse,
Rural Housing Service,Rural Community Facilities Program, WA,Astria Health,Astria Toppenish Hospital,"$1,512,000 ",Newhouse,
Rural Housing Service,Rural Community Facilities Program, WA,Skyline  Health  (Klickitat  County  Public Hospital District No. 2),Skyline Health Advancing Rural Surgical Services Project,"$3,000,000 ",Newhouse,
Rural Housing Service,Rural Community Facilities Program, WA,City of Toppenish,Toppenish Police Department Project,"$500,000 ",Newhouse,
Rural Housing Service,Rural Community Facilities Program, WA,Napavine School District,Agriculture Facility Construction,"$1,015,000 ",Gluesenkamp Perez,
Rural Housing Service,Rural Community Facilities Program, WA,"Pacific  County  Hospital  District  No.  2, Willapa Harbor Hospital",Facility  Construction  and  Purchase  of Equipment,"$1,015,000 ",Gluesenkamp Perez,
Rural Housing Service,Rural Community Facilities Program, WA,Lewis County Fire District No. 15,Purchase  of  Fire  Training  Facility  and Equipment,"$1,000,000 ",Gluesenkamp Perez,
Rural Housing Service,Rural Community Facilities Program, WA,"Grays Harbor Community Hospital, d.b.a. Harbor Regional Health",Digital Systems Improvements and Pur chase of Equipment,"$1,000,000 ",Randall,
Rural Housing Service,Rural Community Facilities Program, WA,"Jefferson County Public Hospital District No. 2, d.b.a. Jefferson Healthcare",Facility  Construction  and  Purchase  of Equipment,"$1,000,000 ",Randall,
Rural Housing Service,Rural Community Facilities Program, WA,Quinault Indian Nation,Fire House Construction,"$1,015,000 ",Randall,
Rural Housing Service,Rural Community Facilities Program, WA,Chelan County Fire District No. 6,Purchase of Wildland Interface Fire En gines and Equipment,"$1,000,000 ",Schrier,
Rural Housing Service,Rural Community Facilities Program, WA,City of Entiat,Facility Construction and Improvements,"$1,000,000 ",Schrier,
Rural Housing Service,Rural Community Facilities Program, WA,Snohomish County Fire District No. 17,Facility Improvements,"$632,000 ",Schrier,
Rural Housing Service,Rural Community Facilities Program, WA,"King County Public Hospital District No. 4,
d.b.a. Snoqualmie Valley Health",Facility Construction and Improvements,"$1,000,000 ",Schrier,
Rural Housing Service,Rural Community Facilities Program, WA,Snoqualmie Indian Tribe,Police Station Improvements,"$1,000,000 ",Schrier,
Rural Housing Service,Rural Community Facilities Program, WA,Thurston County,Facility Construction,"$1,015,000 ",Strickland,
Rural Housing Service,Rural Community Facilities Program, WA,City of Yelm,Street and Sidewalk Construction and Im provements,"$1,000,000 ",Strickland,
Rural Utilities Service,"Distance Learning, Telemedicine, and Broadband Program", WA,"Clallam County Public Hospital District No. 2, d.b.a. Olympic Medical Center",Purchase of Equipment,"$1,000,000 ",Randall,
Rural Utilities Service,Rural Water and Waste Disposal Program, WA,Island County,Recycling and Reuse Station Construction,"$1,000,000 ",Larsen,
Rural Utilities Service,Rural Water and Waste Disposal Program, WA,Public Utility District No. 1 of Skamania County,Water System Improvements,"$1,015,000 ",Gluesenkamp Perez,
Rural Utilities Service,Rural Water and Waste Disposal Program, WA,The City of Raymond,Wastewater  Treatment  Facility  Improve ments,"$950,000 ",Gluesenkamp Perez,
Rural Utilities Service,Rural Water and Waste Disposal Program, WA,Town of Wilkeson,Water Treatment Facility and Reservoir Im provements,"$775,000 ",Schrier,
Rural Utilities Service,Rural Water and Waste Disposal Program, WA,City of Roy,Water Infrastructure Improvements,"$700,000 ",Strickland,
Rural Housing Service,Rural Community Facilities Program, VT,Town of Granville,Fire Station Facility Improvements,"$488,000 ",Balint,
Rural Housing Service,Rural Community Facilities Program, VT,"Lyndon Institute, Inc.",Facility Improvements,"$550,000 ",Balint,
Rural Housing Service,Rural Community Facilities Program, VT,Town of Pownal,Fire House Construction,"$938,000 ",Balint,
Rural Housing Service,Rural Community Facilities Program, VT,"Springfield Hospital, Inc.",Facility  Improvements  and  Purchase  of Equipment,"$1,000,000 ",Balint,
Rural Housing Service,Rural Community Facilities Program, VI,"Virgin  Islands  Centre  for  Architecture, Crafts and Build Heritage, St. Croix, Inc.",Facility Improvements,"$1,015,000 ",Plaskett,
Rural Housing Service,Rural Community Facilities Program, VI,Bush Tea & Therapy Foundation,Facility Construction Improvements,"$788,000 ",Plaskett,
Rural Housing Service,Rural Community Facilities Program, VI,Nature Association of the Virgin Islands,Facility Improvements,"$1,332,000 ",Plaskett,
Rural Housing Service,Rural Community Facilities Program, VI,"Virgin Islands Good Food Coalition, Inc.",Facility Construction,"$1,698,000 ",Plaskett,
Rural Housing Service,Rural Community Facilities Program, VI,U.S. Virgin Islands Department of Agri culture,Facility Improvements,"$825,000 ",Plaskett,
Rural Housing Service,Rural Community Facilities Program, VI,"St. Clair Institute, Inc.",Facility Improvements,"$857,000 ",Plaskett,
Rural Housing Service,Rural Community Facilities Program, VI,"We Grow Food, Inc.",Water Facility Improvements,"$1,000,000 ",Plaskett,
Rural Utilities Service,"Distance Learning, Telemedicine, and Broadband Program", VI,University of the Virgin Islands,Purchase of Equipment,"$1,000,000 ",Plaskett,
Rural Housing Service,Rural Community Facilities Program, VA,Weber City Volunteer Fire Department,Weber City Volunteer Fire Department New Building  Acquisition  and  Renovation Project,"$600,000 ",Griffith,
Rural Housing Service,Rural Community Facilities Program, VA,"Town of Pennington Gap, Virginia",Town of Pennington Gap Multipurpose Fa cility Project,"$2,000,000 ",Griffith,
Rural Housing Service,Rural Community Facilities Program, VA,"Town of St. Paul, Virginia",Town of St. Paul: A Safer St. Paul—Public Safety Building Project,"$2,750,000 ",Griffith,
Rural Housing Service,Rural Community Facilities Program, VA,Reset 180,Facility Construction,"$1,000,000 ",Subramanyam,
Rural Housing Service,Rural Community Facilities Program, VA,Hero’s Bridge,Facility Construction,"$1,000,000 ",Subramanyam,
Rural Housing Service,Rural Community Facilities Program, VA,Rappahannock County,Courthouse  Construction  and  Improve ments,"$1,015,000 ",Subramanyam,
Rural Housing Service,Rural Community Facilities Program, VA,Colonial Behavioral Health,Integrated Care Health Campus Develop ment,"$2,000,000 ",Wittman,
Rural Utilities Service,Rural Water and Waste Disposal Program, VA,Northampton County,Northampton  County  Community  Center Septic System,"$1,300,000 ",Kiggans,
Rural Utilities Service,Rural Water and Waste Disposal Program, VA,City of Emporia,Water and Sewer Line Improvements,"$1,000,000 ",McClellan,
Rural Housing Service,Rural Community Facilities Program, UT,Town of Dutch John,Dutch John EMS Ambulance,"$465,000 ",Kennedy,
Rural Housing Service,Rural Community Facilities Program, UT,Blue Mountain Hospital,Blue Mountain Hospital Expansion,"$2,500,000 ",Kennedy,
Rural Housing Service,Rural Community Facilities Program, UT,Paragonah Town,Paragonah Road Improvements Project,"$1,002,750 ",Maloy,
Rural Housing Service,Rural Community Facilities Program, UT,Utah State University,Utah State University Mobile Veterinary Research and Training Laboratory,"$560,535 ",Moore (UT),
Rural Utilities Service,Rural Water and Waste Disposal Program, UT,Hanksville Town,Hanksville  Town  Water  Improvements Project,"$2,437,500 ",Maloy,
Rural Utilities Service,Rural Water and Waste Disposal Program, UT,Gunnison City,Tarr Canyon Water Development Project,"$5,000,000 ",Owens,
Natural Resources Conservation Service,Conservation Operations, TX,Texas A&M AgriLife Research,Feral Hog Community Cooperative Man agement Program,"$300,000 ",Ellzey,
Natural Resources Conservation Service,Conservation Operations, TX,Texas A&M AgriLife Research,Reducing Flood Risk while Enhancing Fu ture Water Supplies,"$2,500,000 ",Ellzey,
Natural Resources Conservation Service,Conservation Operations, TX,West Texas A&M University,"West Texas A&M University Mobile Desali nation Unit Project Canyon, TX","$2,000,000 ","Jackson, (TX)",
Natural Resources Conservation Service,Conservation Operations, TX,Texas A&M AgriLife Research,Turfgrass Water Conservation Initiative,"$1,000,000 ",Johnson (TX),
Natural Resources Conservation Service,Conservation Operations, TX,Texas A&M Forest Service,Urban Forest Initiative,"$1,000,000 ",Veasey,
Rural Housing Service,Rural Community Facilities Program, TX,The City of Jasper Texas,Rural East Texas HighDemand Job Train ing Center,"$2,399,426 ",Babin,
Rural Housing Service,Rural Community Facilities Program, TX,Baylor  Scott  and  White—Marble  Falls Hospital,Baylor Scott & White Marble Falls Com puterized  Tomography  Scanner  and Contrast Injector,"$1,040,000 ",Carter (TX),
Rural Housing Service,Rural Community Facilities Program, TX,City of Alamo,Alamo Public Safety Building/Court,"$2,450,000 ",De La Cruz,
Rural Housing Service,Rural Community Facilities Program, TX,Live Oak County,Live Oak County Public Safety Facility,"$3,250,000 ",De La Cruz,
Rural Housing Service,Rural Community Facilities Program, TX,City of La Villa,Purchase of Fire Engine and Equipment,"$919,000 ",Gonzalez,Vicente (TX)
Rural Housing Service,Rural Community Facilities Program, TX,Cameron County,Facility Construction,"$1,000,000 ",Gonzalez,Vicente (TX)
Rural Housing Service,Rural Community Facilities Program, TX,The City of Tomball,Tomball Fire Rescue 100ft Aerial Ladder,"$1,015,000 ",Hunt,
Rural Housing Service,Rural Community Facilities Program, TX,City of Canyon,"Fire Station Rehabilitation Project Canyon, TX","$1,400,000 ","Jackson, (TX)",
Rural Housing Service,Rural Community Facilities Program, TX,West Texas A&M University Foundation,"West  Texas  A&M  University  Foundation Feedlot  Educational  Training  Facility Canyon, TX","$1,000,000 ","Jackson, (TX)",
Rural Housing Service,Rural Community Facilities Program, TX,"City of Pineland, Texas",Pineland Commercial Driving Academy,"$1,111,525 ",Moran,
Rural Housing Service,Rural Community Facilities Program, TX,Boys & Girls Club of Greater Houston,Boys & Girls Clubs of Greater Houston Capital Improvement Project in Wharton County,"$346,115 ",Nehls,
Rural Housing Service,Rural Community Facilities Program, TX,Matagorda County,Sargent Community Center—Disaster Point of Distribution,"$1,875,000 ",Nehls,
Rural Housing Service,Rural Community Facilities Program, TX,Frontera Healthcare Network,Frontera  Menard  Administration  Office Building,"$2,429,437 ",Pfluger,
Rural Housing Service,Rural Community Facilities Program, TX,"Heart of Texas Memorial Hospital, DBA Heart of Texas Healthcare System",Heart of Texas Healthcare System Commu nity Diagnostic Investment Project,"$1,780,945 ",Pfluger,
Rural Utilities Service,"Distance Learning, Telemedicine, and Broadband Program", TX,Lamar State College Orange,Rural Southeast Texas Healthcare Work force Training Project,"$859,775 ",Babin,
Rural Utilities Service,"Distance Learning, Telemedicine, and Broadband Program", TX,Lamar State College Orange,Rural Southeast Texas Nursing Training Center,"$621,512 ",Babin,
Rural Utilities Service,Rural Water and Waste Disposal Program, TX,City of Wilmer,Water System Improvements,"$1,000,000 ",Crockett,
Rural Utilities Service,Rural Water and Waste Disposal Program, TX,City of Premont,Water Well Infrastructure Revitalization,"$1,000,000 ",De La Cruz,
Rural Utilities Service,Rural Water and Waste Disposal Program, TX,Village of Vinton,Water and Sewer Line Improvements,"$1,000,000 ",Escobar,
Rural Utilities Service,Rural Water and Waste Disposal Program, TX,"City of Mexia, Texas",Mexia Water Tower Replacement,"$3,300,000 ",Sessions,
Natural Resources Conservation Service,Conservation Operations, TN,Roane County Government,Swan Pond Nature Area,"$2,500,000 ",Fleischmann,
Natural Resources Conservation Service,Conservation Operations, TN,West Tennessee River Basin Authority,Tennessee River Bank Stabilization,"$2,500,000 ",Kustoff,
Rural Housing Service,Rural Community Facilities Program, TN,Erlanger Bledsoe Hospital,Erlanger Bledsoe Hospital Rural Housing Service Project,"$1,500,000 ",DesJarlais,
Rural Housing Service,Rural Community Facilities Program, TN,Sweetwater Hospital Association,Sweetwater Hospital Outpatient Services Expansion,"$1,100,000 ",Fleischmann,
Rural Housing Service,Rural Community Facilities Program, TN,"Macon County General Hospital, Inc.",Macon Community Hospital System and Equipment Upgrades,"$490,798 ",Rose,
Rural Housing Service,Rural Community Facilities Program, SC,Allendale County,Facility Improvements,"$1,015,000 ",Clyburn,
Rural Housing Service,Rural Community Facilities Program, SC,Voorhees University,Facility Construction,"$1,000,000 ",Clyburn,
Rural Housing Service,Rural Community Facilities Program, SC,Denmark Technical College,Facility Improvements,"$1,015,000 ",Clyburn,
Rural Housing Service,Rural Community Facilities Program, SC,Williamsburg County,Solid Waste Facility Improvements,"$1,000,000 ",Clyburn,
Rural Housing Service,Rural Community Facilities Program, SC,City of Lake City,Community Center Improvements,"$1,015,000 ",Clyburn,
Rural Housing Service,Rural Community Facilities Program, SC,Town of Cheraw,Cheraw Fire Station Replacement Project,"$2,487,375 ",Fry,
Rural Housing Service,Rural Community Facilities Program, SC,Town of Lake View,"Lake  View,  SC  Police  Department  Up grades Project","$150,000 ",Fry,
Rural Housing Service,Rural Community Facilities Program, RI,Town of Jamestown,Senior Center Facility Improvements,"$547,000 ",Amo,
Rural Housing Service,Rural Community Facilities Program, RI,"Wood River Health Services, Inc.",Facility Improvements,"$750,000 ",Magaziner,
Rural Housing Service,Rural Community Facilities Program, PR,Municipality of Hatillo,Purchase of Emergency Response Equip ment,"$80,000 ",Hernandez,
Rural Housing Service,Rural Community Facilities Program, PA,West End Fire Company,"West  End  Fire  Co.  Fire  Trucks  in Chestnuthill Township, PA","$1,170,000 ",Bresnahan,
Rural Housing Service,Rural Community Facilities Program, PA,Jewish Community Alliance of Northeastern Pennsylvania,"Early Childhood Care Learning Center in Kingston, PA","$1,000,000 ",Bresnahan,
Rural Housing Service,Rural Community Facilities Program, PA,Ambridge Borough,Facility Construction,"$1,015,000 ",Deluzio,
Rural Housing Service,Rural Community Facilities Program, PA,Ludwigs Corner Fire Company No. 1,Facility Improvements,"$1,000,000 ",Houlahan,
Rural Housing Service,Rural Community Facilities Program, PA,New London Counseling Center,Mental Health Facility Improvements,"$217,000 ",Houlahan,
Rural Housing Service,Rural Community Facilities Program, PA,Keystone Valley Fire Department,Purchase of Breathing Apparatus Equip ment,"$199,000 ",Houlahan,
Rural Housing Service,Rural Community Facilities Program, PA,Wagontown Volunteer Fire Company,Purchase of Breathing Air Compressor,"$36,000 ",Houlahan,
Rural Housing Service,Rural Community Facilities Program, PA,Barclay Friends,Facility Improvements,"$1,015,000 ",Houlahan,
Rural Housing Service,Rural Community Facilities Program, PA,Gettysburg Fire Department,Ladder Truck Replacement,"$1,000,000 ",Joyce (PA),
Rural Housing Service,Rural Community Facilities Program, PA,"Fame Emergency Medical Services, Inc.",Video Laryngoscopy for Ambulances,"$9,089 ",Joyce (PA),
Rural Housing Service,Rural Community Facilities Program, PA,"McConnellsburg  Volunteer  Fire  Company No. 1, Inc.",Self Contained Breathing Apparatus Up grade,"$100,000 ",Joyce (PA),
Rural Housing Service,Rural Community Facilities Program, PA,Middle  Taylor  Township  Volunteer  Fire Company,Tanker Truck,"$337,500 ",Joyce (PA),
Rural Housing Service,Rural Community Facilities Program, PA,Greenfield Township Volunteer Fire Com pany,Greenfield Township Volunteer Fire Com pany,"$975,000 ",Kelly (PA),
Rural Housing Service,Rural Community Facilities Program, PA,West Mead #1 Volunteer Fire Company,West Mead #1 Volunteer Fire Company— New Engine Project,"$400,077 ",Kelly (PA),
Rural Housing Service,Rural Community Facilities Program, PA,Harmony Fire District,Harmony  Fire  District—Apparatus  Re placement Project,"$1,200,000 ",Kelly (PA),
Rural Housing Service,Rural Community Facilities Program, PA,Carnegie Library of Homestead,Facility Improvements,"$1,015,000 ",Lee (PA),
Rural Housing Service,Rural Community Facilities Program, PA,North Braddock Borough,Purchase of Equipment,"$1,015,000 ",Lee (PA),
Rural Housing Service,Rural Community Facilities Program, PA,Borough of Whitaker,Facility Construction,"$675,000 ",Lee (PA),
Rural Housing Service,Rural Community Facilities Program, PA,Lower Macungie Fire Department,Alburtis Fire Station,"$1,650,000 ",Mackenzie,
Rural Housing Service,Rural Community Facilities Program, PA,Borough of Portland,Portland Ramp Construction,"$33,742 ",Mackenzie,
Rural Housing Service,Rural Community Facilities Program, PA,"The CarbonSchuylkill Community Hospital, Inc. DBA St. Luke’s Miners Campus",TempleSt. Luke’s Rural Dental College Campus,"$2,000,000 ",Meuser,
Rural Housing Service,Rural Community Facilities Program, PA,Wyoming County Healthcare Center,Wyoming County Healthcare Facility Im provements,"$2,346,849 ",Meuser,
Rural Housing Service,Rural Community Facilities Program, PA,"Friendship Hose Co. No. 1, Orwigsburg","Friendship Hose Co. No. 1, Orwigsburg Fire Department New Fire Station","$2,225,000 ",Meuser,
Rural Housing Service,Rural Community Facilities Program, PA,"Downtown Shenandoah, Inc.","Shenandoah Center for Health, Education, Business and the Arts","$750,000 ",Meuser,
Rural Housing Service,Rural Community Facilities Program, PA,Danville Area Community Center,Danville Area Community Center Program and Facility Upgrades,"$1,000,000 ",Meuser,
Rural Housing Service,Rural Community Facilities Program, PA,Bloomsburg Area YMCA,Bloomsburg Area YMCA Community Re source Hub Construction,"$875,000 ",Meuser,
Rural Housing Service,Rural Community Facilities Program, PA,Gunny’s  Ridge  Veteran  and  First  Re sponder Mission NonProfit Organization,Gunny’s  Ridge  Veteran  and  First  Re sponder Facility,"$1,212,500 ",Reschenthaler,
Rural Housing Service,Rural Community Facilities Program, PA,Allegheny Health Network,LifeFlight Base Station & Helipad,"$1,050,000 ",Reschenthaler,
Rural Housing Service,Rural Community Facilities Program, PA,Indiana  University  of  Pennsylvania  Re search Institute College of Osteopathic Medicine,Indiana University of Pennsylvania (IUP) Research  Institute  College  of  Osteo pathic Medicine,"$1,900,000 ",Reschenthaler,
Rural Housing Service,Rural Community Facilities Program, PA,Carmichaels & Cumberland Township Vol unteer Fire Company,Carmichaels  and  Cumberland  Volunteer Fire Company—Aerial Acquisition,"$1,500,000 ",Reschenthaler,
Rural Housing Service,Rural Community Facilities Program, PA,Somerset County Mobile Food Bank,Somerset County Food Access Project,"$165,000 ",Reschenthaler,
Rural Housing Service,Rural Community Facilities Program, PA,"Somerset County, Pennsylvania",Somerset County Hazmat Building Con struction,"$700,000 ",Reschenthaler,
Rural Housing Service,Rural Community Facilities Program, PA,Moshannon  Valley  Emergency  Medical Services,Moshannon Valley EMS and Training Facil ity,"$2,074,716 ",Thompson (PA),
Rural Housing Service,Rural Community Facilities Program, PA,St. Marys Area School District,Developing Sustainable Modern Manufac turing  Pathways  at  St.  Marys  Area School District,"$191,117 ",Thompson (PA),
Rural Housing Service,Rural Community Facilities Program, PA,Old  Lycoming  Township  Volunteer  Fire Company,Enhancement of the Old Lycoming Town ship Volunteer Fire Company Regional Emergency Services Hub,"$1,345,000 ",Thompson (PA),
Rural Housing Service,Rural Community Facilities Program, PA,Crary Hose Company,Fire Station and Training Center for Crary Hose Company,"$1,286,250 ",Thompson (PA),
Rural Housing Service,Rural Community Facilities Program, PA,East Brady Borough,Renovation of the East Brady Community Center and Emergency Shelter,"$488,248 ",Thompson (PA),
Rural Housing Service,Rural Community Facilities Program, PA,"Oil Region Alliance of Business, Industry, & Tourism",Technology and Connectivity Upgrades at PennWest Venango Campus,"$250,000 ",Thompson (PA),
Rural Housing Service,Rural Community Facilities Program, PA,"Howard Fire Co No 1, Inc.",Howard Fire Company Rescue Jet Boat,"$98,653 ",Thompson (PA),
Rural Housing Service,Rural Community Facilities Program, PA,Bucktail Medical Center,Bucktail Medical Center Patient Experience Upgrades,"$262,470 ",Thompson (PA),
Rural Housing Service,Rural Community Facilities Program, PA,Shinglehouse Ambulance Association,Shinglehouse Ambulance Association Edu cation Center,"$105,000 ",Thompson (PA),
Rural Utilities Service,Rural Water and Waste Disposal Program, PA,Borough of Tarentum,Water System Improvements,"$200,000 ",Deluzio,
Rural Utilities Service,Rural Water and Waste Disposal Program,MD,City of Cumberland,Membrane Filtration Facility Construction,"$1,000,000 ",McClain Delaney,
Rural Housing Service,Rural Community Facilities Program, OR,City of North Plains,Civic Center Facility Construction,"$1,000,000 ",Bonamici,
Rural Housing Service,Rural Community Facilities Program, OR,City of Scio,Town Hall Facility Improvements,"$1,015,000 ",Bynum,
Rural Housing Service,Rural Community Facilities Program, OR,Oregon International Port of Coos Bay,Shipyard  Facility  Construction  and  Im provements,"$1,000,000 ",Hoyle (OR),
Rural Housing Service,Rural Community Facilities Program, OR,County of Lane,Purchase of Equipment,"$1,000,000 ",Hoyle (OR),
Rural Housing Service,Rural Community Facilities Program, OR,Glide Revitalization,Facility Construction and Improvements,"$800,000 ",Hoyle (OR),
Rural Housing Service,Rural Community Facilities Program, OR,Oregon Coast Community College,Workforce  Training  Facility  Construction and Purchase of Equipment,"$1,000,000 ",Hoyle (OR),
Rural Housing Service,Rural Community Facilities Program, OR,Siletz Valley Fire District,Facility Construction,"$1,015,000 ",Hoyle (OR),
Rural Housing Service,Rural Community Facilities Program, OR,Central Oregon Coast Fire & Rescue Dis trict No. 7,Facility Improvements,"$1,015,000 ",Hoyle (OR),
Rural Housing Service,Rural Community Facilities Program, OR,Capaces Leadership Institute,Community Center Construction and Im provements,"$1,000,000 ",Salinas,
Rural Utilities Service,Rural Water and Waste Disposal Program, OR,City of Stayton,Wastewater System Improvements,"$1,000,000 ",Bynum,
Rural Utilities Service,Rural Water and Waste Disposal Program, OR,City of Brookings,Water Line Replacement,"$1,000,000 ",Hoyle (OR),
Rural Utilities Service,Rural Water and Waste Disposal Program, OR,Mapleton Water District,Water Storage Facility Improvements,"$675,000 ",Hoyle (OR),
Rural Utilities Service,Rural Water and Waste Disposal Program, OR,City of Carlton,Sewer Line Replacement,"$1,015,000 ",Salinas,
Agricultural Research Service,Buildings and Facilities, OK,"Oklahoma and Central Plains Agricultural Research Center, United States Department of Agriculture, Agricultural Research Service",USDA ARS Oklahoma and Central Plains Agricultural Research Center Moderniza tion and Expansion Project,"$5,000,000 ",Lucas,
Rural Utilities Service,"Distance Learning, Telemedicine, and Broadband Program", OK,Oklahoma University Health Science Center,OK NeuroNet,"$3,678,142 ",Bice,
Rural Housing Service,Rural Community Facilities Program, OH,Madison County Administrators,Madison County Sheriff’s Department Op erations and 911 Dispatch Center,"$3,500,000 ",Carey,
Rural Housing Service,Rural Community Facilities Program, OH,City of Cortland,Cortland Safety Service Complex Construc tion,"$3,500,000 ",Joyce (OH),
Rural Housing Service,Rural Community Facilities Program, OH,Concord Township Fire Department,New Concord Township Fire Station,"$2,000,000 ",Joyce (OH),
Rural Housing Service,Rural Community Facilities Program, OH,Signature Health,LakeGeaugaAshtabula  Regional  Crisis Stabilization Center Construction,"$2,750,000 ",Joyce (OH),
Rural Housing Service,Rural Community Facilities Program, OH,H.B. Magruder Memorial Hospital,Purchase of MRI Equipment,"$1,000,000 ",Kaptur,
Rural Housing Service,Rural Community Facilities Program, OH,"Joint Township District Hospital Board of Pitt, Mifflin, Crane, and Salem Town ships",Wyandot Memorial Hospital Cardiac Cath eterization Laboratory,"$1,102,200 ",Latta,
Rural Housing Service,Rural Community Facilities Program, OH,Lorain County Agricultural Society,Lorain County Agricultural Society Agricul tural Economic Development Project,"$2,000,000 ",Latta,
Rural Housing Service,Rural Community Facilities Program, OH,Village of Brooklyn Heights,Brooklyn Heights—Fire and Police Depart ment Vehicle ReFortification Project,"$900,000 ",Miller (OH),
Rural Housing Service,Rural Community Facilities Program, OH,City of Orrville,The City of Orrville Fire Station,"$750,000 ",Miller (OH),
Rural Housing Service,Rural Community Facilities Program, OH,Wooster Township Fire Department,New Fire Station for Wooster Township,"$3,000,000 ",Miller (OH),
Rural Housing Service,Rural Community Facilities Program, OH,Mead Township,Mead Township Hall Replacement,"$1,062,500 ",Rulli,
Rural Housing Service,Rural Community Facilities Program, OH,Holzer Health System,Pathology Lab Modernization,"$999,000 ",Taylor (OH),
Rural Housing Service,Rural Community Facilities Program, OH,Adena Health,Adena Health’s EMS Transport Expansion,"$750,000 ",Taylor (OH),
Rural Utilities Service,Rural Water and Waste Disposal Program, OH,City of Obetz,City of Obetz New Water Tower,"$1,887,500 ",Carey,
Rural Utilities Service,Rural Water and Waste Disposal Program, OH,Village of Archbold,Water Infrastructure Construction and Im provements,"$1,000,000 ",Kaptur,
Rural Utilities Service,Rural Water and Waste Disposal Program, OH,Williams County Port Authority,Water Infrastructure Construction and Im provements,"$1,000,000 ",Kaptur,
Rural Utilities Service,Rural Water and Waste Disposal Program, OH,Village of Lisbon,Lisbon North Market Sanitary Sewer,"$950,000 ",Rulli,
Rural Utilities Service,Rural Water and Waste Disposal Program, OH,Village of Cadiz,Cadiz Phase III Water System Improve ments,"$1,198,000 ",Rulli,
Rural Housing Service,Rural Community Facilities Program, NY,Bellerose Fire Department,Purchase of Fire Engine,"$938,000 ",Gillen,
Rural Housing Service,Rural Community Facilities Program, NY,Cornell Cooperative Extension,Cornell  Cooperative  Extension  Allegany County,"$254,169 ",Langworthy,
Rural Housing Service,Rural Community Facilities Program, NY,Wendelville Fire Co.,Wendelville Fire Co. Station 3 Replacement,"$935,000 ",Langworthy,
Rural Housing Service,Rural Community Facilities Program, NY,Tioga County,Interoperable Radio Communications Up grade,"$1,500,000 ",Langworthy,
Rural Housing Service,Rural Community Facilities Program, NY,"Oneida Health Systems, Inc.",Facility Improvements,"$358,000 ",Mannion,
Rural Housing Service,Rural Community Facilities Program, NY,West Athens Lime Street Fire District,Fire House Construction,"$1,015,000 ",Riley (NY),
Rural Housing Service,Rural Community Facilities Program, NY,The Mary Imogene Bassett Hospital,Purchase of Equipment,"$1,000,000 ",Riley (NY),
Rural Housing Service,Rural Community Facilities Program, NY,Guilford Fire District,Fire House Construction,"$1,015,000 ",Riley (NY),
Rural Housing Service,Rural Community Facilities Program, NY,BroomeDelawareTioga Board of Coopera tive Educational Services,Facility Improvements,"$1,015,000 ",Riley (NY),
Rural Housing Service,Rural Community Facilities Program, NY,Margaretville Memorial Hospital,Facility Improvements,"$619,000 ",Riley (NY),
Rural Housing Service,Rural Community Facilities Program, NY,The Village of Monticello,Village Hall Facility Construction,"$1,000,000 ",Riley (NY),
Rural Housing Service,Rural Community Facilities Program, NY,"Refuah Health Center, Inc.",Facility Construction,"$1,000,000 ",Riley (NY),
Rural Housing Service,Rural Community Facilities Program, NY,City of Port Jervis,Purchase of Fire Engine,"$825,000 ",Ryan,
Rural Housing Service,Rural Community Facilities Program, NY,Port Henry Fire District #3,"Port Henry, NY, Fire Station","$3,280,841 ",Stefanik,
Rural Housing Service,Rural Community Facilities Program, NY,Hopkinton Fire District,"Hopkinton, New York Fire Station","$1,800,000 ",Stefanik,
Rural Housing Service,Rural Community Facilities Program, NY,Adirondack Medical Center (dba Adiron dack Health),"Adirondack Medical Center, New York, Di alysis Center Expansion","$1,000,000 ",Stefanik,
Rural Housing Service,Rural Community Facilities Program, NY,City of Oswego,New Police Station,"$1,000,000 ",Tenney,
Rural Housing Service,Rural Community Facilities Program, NY,County of Orleans,Public Safety Building Vital Improvements for  Safety  and  Security  in  Orleans County,"$1,750,000 ",Tenney,
Rural Housing Service,Rural Community Facilities Program, NY,Town of Milton,Facility Improvements,"$500,000 ",Tonko,
Rural Housing Service,Rural Community Facilities Program, NY,"Mechanicville  Area  Community  Services Center, Inc.",Facility Construction and Improvements,"$1,015,000 ",Tonko,
Rural Housing Service,Rural Community Facilities Program, NY,"Crossroads Center for Children, Inc.",Property Acquisition and Improvements,"$1,000,000 ",Tonko,
Rural Utilities Service,Rural Water and Waste Disposal Program, NY,Village of Marathon,Wastewater Treatment Facility and Pump Station Improvements,"$1,000,000 ",Riley (NY),
Rural Utilities Service,Rural Water and Waste Disposal Program, NY,Town of Torrey,Town of Torrey Water District #2 Resource Improvements,"$2,050,000 ",Tenney,
Rural Utilities Service,Rural Water and Waste Disposal Program, NY,Village of Voorheesville,Sewer Collection Improvements,"$300,000 ",Tonko,
Rural Housing Service,Rural Community Facilities Program, NV,Cleveland Clinic of Nevada,Purchase of Portable MRI Equipment,"$784,000 ",Lee (NV),
Rural Housing Service,Rural Community Facilities Program, NM,San Juan County,Purchase of Fire Ladder Engine,"$1,000,000 ",Leger Fernandez,
Rural Housing Service,Rural Community Facilities Program, NM,Navajo Nation Division of Community De velopment,Facility Construction,"$1,000,000 ",Leger Fernandez,
Rural Housing Service,Rural Community Facilities Program, NM,Bernalillo Public School District,Career Technical Education Center Facility Construction,"$1,000,000 ",Leger Fernandez,
Rural Housing Service,Rural Community Facilities Program, NM,Sandoval County,Community Center Improvements,"$1,000,000 ",Leger Fernandez,
Rural Housing Service,Rural Community Facilities Program, NM,Vida del Norte,Property Acquisition and Improvements,"$225,000 ",Leger Fernandez,
Rural Housing Service,Rural Community Facilities Program, NM,Town of Bernalillo,Healthcare Facility Construction and Im provements,"$1,015,000 ",Stansbury,
Rural Housing Service,Rural Community Facilities Program, NM,Town Of Estancia,Community Center Improvements,"$1,015,000 ",Stansbury,
Rural Housing Service,Rural Community Facilities Program, NM,Fort Sumner Fire and Rescue,Facility Construction,"$1,000,000 ",Stansbury,
Rural Housing Service,Rural Community Facilities Program, NM,Valencia County,Hospital Construction,"$1,000,000 ",Stansbury,
Rural Housing Service,Rural Community Facilities Program, NM,The National Center for Frontier Commu nities,Workforce Training Facility Construction,"$850,000 ",Vasquez,
Rural Housing Service,Rural Community Facilities Program, NM,Town of Mesilla,Town Hall Facility Improvements,"$1,000,000 ",Vasquez,
Rural Utilities Service,Rural Water and Waste Disposal Program, NM,Village of Cuba,Fire Hydrants Repair and Replacement,"$269,000 ",Leger Fernandez,
Natural Resources Conservation Service,Conservation Operations, NJ,Township of Hanover,Whippany River Regional Improvement Ini tiative,"$1,015,000 ",Sherrill,
Rural Housing Service,Rural Community Facilities Program, NJ,Deborah Heart & Lung Center,Purchase of Equipment,"$847,000 ",Conaway,
Rural Housing Service,Rural Community Facilities Program, NJ,Borough of Bogota,Fire House Construction,"$1,015,000 ",Gottheimer,
Rural Housing Service,Rural Community Facilities Program, NJ,Borough of HoHoKus,Purchase of Rescue Engine,"$975,000 ",Gottheimer,
Rural Housing Service,Rural Community Facilities Program, NJ,Wyckoff Township,Police Department Facility Improvements,"$1,015,000 ",Gottheimer,
Rural Housing Service,Rural Community Facilities Program, NJ,"Township of Readington, New Jersey","Township of Readington Police Department Expansion and Modernization in Readington, New Jersey","$1,932,287 ",Kean,
Rural Housing Service,Rural Community Facilities Program, NJ,Holland Township Department of Police and Public Safety,Modernizing the Holland Township Police Department  Headquarters  in  Holland Township,"$555,000 ",Kean,
Rural Housing Service,Rural Community Facilities Program, NJ,"Byram Township, New Jersey",Byram Township Police Department Ren ovation,"$1,237,500 ",Kean,
Rural Housing Service,Rural Community Facilities Program, NJ,Borough of Magnolia,Purchase of Fire Engine,"$822,000 ",Norcross,
Rural Housing Service,Rural Community Facilities Program, NJ,Westville Fire District No. 1,Purchase of Rescue Engine,"$900,000 ",Norcross,
Rural Housing Service,Rural Community Facilities Program, NJ,Atlantic County,K9 Training Facility in Corbin City,"$2,625,000 ",Van Drew,
Rural Utilities Service,"Distance Learning, Telemedicine, and Broadband Program", NJ,"Maryville, Inc.",Purchase of Equipment,"$1,015,000 ",Norcross,
Rural Utilities Service,Rural Water and Waste Disposal Program, NJ,Township of Edgewater Park,Pump Station Facility Construction,"$1,015,000 ",Conaway,
Rural Utilities Service,Rural Water and Waste Disposal Program, NJ,Salem City,Town Bank Pump Station,"$2,000,000 ",Van Drew,
Rural Housing Service,Rural Community Facilities Program, NH,"Bristol Recreation Advisory Council, d.b.a. TapplyThompson Community Center",Community Center Construction,"$1,000,000 ",Goodlander,
Rural Housing Service,Rural Community Facilities Program, NH,"HealthFirst Family Care Center, Inc.",Facility Improvements,"$900,000 ",Goodlander,
Rural Housing Service,Rural Community Facilities Program, NH,"Gorham Community Learning Center, Inc.",Facility Improvements,"$688,000 ",Goodlander,
Rural Housing Service,Rural Community Facilities Program, NH,Littleton Community Center,Facility Improvements,"$400,000 ",Goodlander,
Rural Housing Service,Rural Community Facilities Program, NH,"Ammonoosuc Community Health Services, Inc.",Facility Improvements,"$275,000 ",Goodlander,
Rural Housing Service,Rural Community Facilities Program, NH,Whitefield Fire Rescue,Purchase of Urban Interface Fire Engine,"$375,000 ",Goodlander,
Rural Housing Service,Rural Community Facilities Program, NH,Cottage Hospital,Purchase of Equipment and Software,"$1,015,000 ",Goodlander,
Agricultural Research Service,Buildings and Facilities, NE,"USDA Agricultural Research Service colocated facility in Lincoln, NE with the University of Nebraska Lincoln",USDA ARS National Center for Resilient and Regenerative Precision Agriculture,"$5,000,000 ",Flood,
Rural Housing Service,Rural Community Facilities Program, NC,Gates County,Community Center Construction,"$1,000,000 ",Davis (NC),
Rural Housing Service,Rural Community Facilities Program, NC,"Centennial Housing & Community Service Corporation, d.b.a. Washington Regional Medical Center",Facility Construction and Improvements,"$1,000,000 ",Davis (NC),
Rural Housing Service,Rural Community Facilities Program, NC,Greene County,Senior Center Facility Construction,"$1,015,000 ",Davis (NC),
Rural Housing Service,Rural Community Facilities Program, NC,Town of Whitakers,Facility Construction,"$1,015,000 ",Davis (NC),
Rural Housing Service,Rural Community Facilities Program, NC,Town of Williamston,Purchase of Fire Ladder Engine,"$1,000,000 ",Davis (NC),
Rural Housing Service,Rural Community Facilities Program, NC,Bertie County,Public Safety Facility Construction and Im provements,"$1,000,000 ",Davis (NC),
Rural Housing Service,Rural Community Facilities Program, NC,Bertie County,Purchase of Fire Fighting Equipment,"$1,000,000 ",Davis (NC),
Rural Housing Service,Rural Community Facilities Program, NC,Erlanger Western Carolina Hospital,Erlanger Western Carolina Hospital Facility Upgrades,"$3,000,000 ",Edwards,
Rural Housing Service,Rural Community Facilities Program, NC,"Town of Waynesville, NC",Hazelwood Fire Station Construction,"$2,970,000 ",Edwards,
Rural Housing Service,Rural Community Facilities Program, NC,"McDowell County, NC",McDowell County 911 Center Construction,"$1,500,000 ",Edwards,
Rural Housing Service,Rural Community Facilities Program, NC,Transylvania County Emergency Services Upgrades,Transylvania County Emergency Services Upgrades,"$1,500,000 ",Edwards,
Rural Housing Service,Rural Community Facilities Program, NC,DavidsonDavie Community College,DavidsonDavie Community College Health Sciences Center,"$3,000,000 ",McDowell,
Rural Housing Service,Rural Community Facilities Program, NC,"Blue Ridge Healthcare Hospitals, Inc. dba UNC Health Blue Ridge",UNC  Health  Blue  Ridge  Catheterization Lab Replacement and Expansion,"$1,462,789 ",Moore (NC),
Rural Housing Service,Rural Community Facilities Program, NC,Burke County Health Department,Burke County Health & Human Services Building,"$3,187,211 ",Moore (NC),
Rural Housing Service,Rural Community Facilities Program, NC,Cleveland County,Spangler  Branch  Library  Addition  in Lawndale,"$750,000 ",Moore (NC),
Rural Utilities Service,Rural Water and Waste Disposal Program, NC,Town of Hillsborough,Water Treatment Facility Improvements,"$1,000,000 ",Foushee,
Rural Utilities Service,Rural Water and Waste Disposal Program, NC,Town of Harmony,Harmony Sewer Line Extension,"$1,575,000 ",Harrigan,
Rural Housing Service,Rural Community Facilities Program, MT,Red Lodge Rural Fire District 7,Red Lodge Fire Rescue Station upgrades,"$1,995,000 ",Downing,
Rural Housing Service,Rural Community Facilities Program, MT,"Powell County, Montana","Equipment for Powell County Fire Depart ments, Community Project Funding","$554,969 ",Zinke,
Rural Housing Service,Rural Community Facilities Program, MT,Ronan Volunteer Fire Department,Ronan Volunteer Fire Department Replace ment of 30 Year Old Type 1 Fire Truck,"$547,500 ",Zinke,
Rural Housing Service,Rural Community Facilities Program, MS,City of Pontotoc,"Pontotoc, MS—City of Pontotoc City Hall","$4,400,000 ",Kelly (MS),
Rural Housing Service,Rural Community Facilities Program, MS,"Choctaw County, MS Board of Supervisors",Choctaw County—Fire Station/EMS Build ing Construction,"$3,000,000 ",Kelly (MS),
Rural Housing Service,Rural Community Facilities Program, MS,Humphreys County,Healthcare Facility Construction and Im provements,"$1,015,000 ",Thompson (MS),
Rural Housing Service,Rural Community Facilities Program, MS,Hinds County,Facility Improvements,"$975,000 ",Thompson (MS),
Rural Housing Service,Rural Community Facilities Program, MS,South Delta Planning & Development Dis trict,Purchase of Food Storage and Distribution Equipment,"$440,000 ",Thompson (MS),
Rural Housing Service,Rural Community Facilities Program, MS,South Delta Planning & Development Dis trict,Purchase of Public Safety Equipment,"$1,015,000 ",Thompson (MS),
Rural Housing Service,Rural Community Facilities Program, MS,City of Grenada,City Hall Facility Construction,"$1,015,000 ",Thompson (MS),
Rural Housing Service,Rural Community Facilities Program, MS,North Central Planning and Development District,Facility Construction,"$900,000 ",Thompson (MS),
Rural Housing Service,Rural Community Facilities Program, MP,Commonwealth Healthcare Corporation,Medical Supplies Warehouse,"$1,000,000 ",KingHinds,
Rural Housing Service,Rural Community Facilities Program, MP,Municipality of Saipan,Heavy Equipment acquisition,"$1,464,000 ",KingHinds,
Rural Utilities Service,Rural Water and Waste Disposal Program, MP,Municipality of Tinian,Marpo Heights Homestead Water Infra structure,"$1,000,000 ",KingHinds,
Agricultural Research Service,Buildings and Facilities, MO,University of MissouriColumbia,USDA ARS Center for Agricultural Animal Genetic Engineering and Health,"$3,000,000 ",Alford,
Rural Housing Service,Rural Community Facilities Program, MO,"St. Clair County, Missouri",St. Clair Missouri Jail Sallyport Addition,"$750,000 ",Alford,
Rural Housing Service,Rural Community Facilities Program, MO,Golden Valley Memorial Healthcare,Regional  Maternal  Health  Enhancement Project,"$1,622,500 ",Alford,
Rural Housing Service,Rural Community Facilities Program, MO,Sullivan County Memorial Hospital,Sullivan County Memorial Hospital,"$4,000,000 ",Graves,
Rural Utilities Service,"Distance Learning, Telemedicine, and Broadband Program", MO,Thompson  Center  for  Autism  and Neurodevelopment,Thompson  Center  for  Autism  and Neurodevelopment Expansion,"$982,600 ",Onder,
Rural Housing Service,Rural Community Facilities Program, MN,City of Le Sueur,Public Safety Facility Construction,"$1,000,000 ",Craig,
Rural Housing Service,Rural Community Facilities Program, MN,City of New Prague,Public Safety Facility Improvements,"$1,000,000 ",Craig,
Rural Housing Service,Rural Community Facilities Program, MN,City of Spring Grove,"Spring Grove, MN, Fire Station","$1,500,000 ",Finstad,
Rural Housing Service,Rural Community Facilities Program, MN,Gundersen St. Elizabeth’s Hospital,Gundersen St. Elizabeth’s Hospital,"$1,601,954 ",Finstad,
Rural Utilities Service,Rural Water and Waste Disposal Program, MN,City of Plummer,Plummer Sanitary System Improvements Project,"$1,500,000 ",Fischbach,
Rural Utilities Service,Rural Water and Waste Disposal Program, MN,"City of Kandiyohi, MN",Kandiyohi Water and Waste System Im provements Project,"$4,167,900 ",Fischbach,
Rural Utilities Service,Rural Water and Waste Disposal Program, MN,City of Harris,Harris Municipal Water System Improve ment and Water Main Looping,"$1,374,469 ",Stauber,
Agricultural Research Service,Buildings and Facilities, MI,Michigan State University,USDA ARS Greenhouse Repairs and Main tenance,"$3,000,000 ",Barrett,
Rural Housing Service,Rural Community Facilities Program, MI,Putnam Township Fire Department,Putnam Township Fire Truck,"$600,000 ",Barrett,
Rural Housing Service,Rural Community Facilities Program, MI,Livingston County 911,Computer Aided Dispatch (CAD) for Public Safety,"$495,000 ",Barrett,
Rural Housing Service,Rural Community Facilities Program, MI,Alpena Community College,Alpena Community College’s Natural Re sources and STEM Innovation Center,"$3,527,100 ",Bergman,
Rural Housing Service,Rural Community Facilities Program, MI,"Friends of the Hubbard Lake Center, Inc.",Hubbard Lake Community Center/Library,"$300,000 ",Bergman,
Rural Housing Service,Rural Community Facilities Program, MI,Bates Hall Preservation Society,Bates Township Hall Preservation,"$250,000 ",Bergman,
Rural Housing Service,Rural Community Facilities Program, MI,Friends of the Fife Lake Public Library,Fife Lake Public Library Expansion Project,"$250,000 ",Bergman,
Rural Housing Service,Rural Community Facilities Program, MI,Bellin Health Iron Mountain,Iron Mountain Primary Care Mobile Unit,"$368,500 ",Bergman,
Rural Housing Service,Rural Community Facilities Program, MI,City of Alpena,City of Alpena Aerial Fire Truck Replace ment Project,"$1,104,400 ",Bergman,
Rural Housing Service,Rural Community Facilities Program, MI,Bridgewater Township,Township Hall Facility Improvements,"$450,000 ",Dingell,
Rural Housing Service,Rural Community Facilities Program, MI,Brookfield Township,Brookfield Township Public Safety Facility,"$1,200,000 ",McClain,
Rural Housing Service,Rural Community Facilities Program, MI,Armada Township,Armada Fire Station Upgrades,"$2,250,000 ",McClain,
Rural Housing Service,Rural Community Facilities Program, MI,Bridgeport Charter Township,Fire Station Facility Improvements,"$866,000 ",McDonald Rivet,
Rural Housing Service,Rural Community Facilities Program, MI,Hemlock Public School District,Childcare Facility Construction,"$1,015,000 ",McDonald Rivet,
Rural Housing Service,Rural Community Facilities Program, MI,Ten Sixteen Recovery Network,Property Acquisition and Improvements,"$911,000 ",McDonald Rivet,
Rural Housing Service,Rural Community Facilities Program, MI,Central Montcalm Public Schools,Central Montcalm Early Childhood Center Project,"$225,000 ",Moolenaar,
Rural Housing Service,Rural Community Facilities Program, MI,Mason County Road Commission,Mason County Road Commission New Fa cility Construction,"$2,000,000 ",Moolenaar,
Rural Housing Service,Rural Community Facilities Program, MI,Clement Township,Clement Township Collaborative Commu nity Project,"$137,500 ",Moolenaar,
Rural Housing Service,Rural Community Facilities Program, MI,"The City of Big Rapids, Michigan",The City of Big Rapids Fire Truck Project,"$377,161 ",Moolenaar,
Rural Housing Service,Rural Community Facilities Program, MI,City of Rockford,Library Facility Improvements,"$1,000,000 ",Scholten,
Rural Utilities Service,"Distance Learning, Telemedicine, and Broadband Program", MI,Central Michigan University,Purchase of Equipment,"$1,000,000 ",McDonald Rivet,
Rural Utilities Service,Rural Water and Waste Disposal Program, MI,City of Milan,Transmission Main Replacement,"$1,015,000 ",Dingell,
Rural Utilities Service,Rural Water and Waste Disposal Program, MI,Buena Vista Charter Township,Wastewater  Treatment  Facility  Improve ments,"$554,000 ",McDonald Rivet,
Rural Utilities Service,Rural Water and Waste Disposal Program, MI,Four Lakes Task Force,"Four  Lakes  Restoration—Edenville  Dam Architectural,  Mechanical,  Electrical, Plumbing Project","$2,250,000 ",Moolenaar,
Rural Utilities Service,Rural Water and Waste Disposal Program, MI,Webber Township,Lift Station,"$750,000 ",Moolenaar,
Rural Utilities Service,Rural Water and Waste Disposal Program, MI,Village of Sparta,Gardner Street Wastewater Upgrade,"$1,000,000 ",Moolenaar,
Rural Utilities Service,Rural Water and Waste Disposal Program, MI,City of Bronson,Utility Resiliency Initiative—Project #3,"$1,953,557 ",Walberg,
Rural Utilities Service,Rural Water and Waste Disposal Program, MI,City of Buchanan,Downtown Infrastructure Project,"$1,200,000 ",Walberg,
Rural Utilities Service,Rural Water and Waste Disposal Program, MI,Village of Homer,Main Street Transmission Line Watermain Replacement,"$975,000 ",Walberg,
Rural Utilities Service,Rural Water and Waste Disposal Program, MI,Village of Vicksburg,EquiFlow: Vicksburg Water Infrastructure Renewal,"$3,900,000 ",Walberg,
Rural Housing Service,Rural Community Facilities Program, ME,Town of Holden,Police Garage Facility Improvements,"$643,000 ",Golden,
Rural Housing Service,Rural Community Facilities Program, ME,Town of Surry,Purchase of Fire Engine,"$492,000 ",Golden,
Rural Housing Service,Rural Community Facilities Program, ME,Midcoast Community Alliance,Facility Improvements,"$1,015,000 ",Pingree,
Rural Housing Service,Rural Community Facilities Program, ME,Town of Chebeague Island,Wharf Infrastructure and Facility Improve ments,"$1,000,000 ",Pingree,
Rural Housing Service,Rural Community Facilities Program, ME,Town of Friendship,Wharf Infrastructure and Facility Improve ments,"$975,000 ",Pingree,
Rural Housing Service,Rural Community Facilities Program, ME,"United  Society  of  Shakers,  Sabbathday Lake, Inc.",Facility Construction and Improvements,"$1,015,000 ",Pingree,
Rural Housing Service,Rural Community Facilities Program, ME,Regional School Unit 13,Facility Construction,"$1,176,000 ",Pingree,
Rural Housing Service,Rural Community Facilities Program, ME,Town of South Thomaston,Library and Community Center Facility Im provements,"$1,000,000 ",Pingree,
Agricultural Research Service,Buildings and Facilities, MD,U.S. Agricultural Research Service,USDA ARS Beltsville Agricultural Research Center Building 006,"$1,000,000 ",Ivey,
Natural Resources Conservation Service,Conservation Operations, MD,Montgomery County,Reforestation and Habitat Restoration,"$785,000 ",Raskin,
Rural Housing Service,Rural Community Facilities Program, MD,Queen Anne’s County Commissioners,Eastern Shore Youth Crisis Center,"$5,250,000 ",Harris,
Rural Housing Service,Rural Community Facilities Program, MD,"University  of  Maryland  Shore  Regional Health, Inc.",Shore Regional Medical Center,"$2,500,000 ",Harris,
Rural Housing Service,Rural Community Facilities Program, MD,"Trappe Volunteer Fire Company, Inc.",Trappe Volunteer Fire Company,"$4,500,000 ",Harris,
Rural Housing Service,Rural Community Facilities Program, MD,University of Maryland Eastern Shore,Development  of  a  Doctor  of  Veterinary Medicine program at the University of Maryland Eastern Shore,"$1,000,000 ",Harris,
Rural Housing Service,Rural Community Facilities Program, MD,City of Crisfield,Crisfield Fire Station and Emergency Shel ter,"$1,357,500 ",Harris,
Rural Housing Service,Rural Community Facilities Program, MD,City of Cambridge,Cambridge Rescue Fire Company Replace ment Engine,"$715,000 ",Harris,
Rural Housing Service,Rural Community Facilities Program, MD,Bowie State University,Greenhouse Construction and Purchase of Equipment,"$1,015,000 ",Hoyer,
Rural Housing Service,Rural Community Facilities Program, MD,"MedStar Southern Maryland Hospital Cen ter, Inc.",Facility Improvements,"$1,015,000 ",Hoyer,
Rural Housing Service,Rural Community Facilities Program, MD,YMCA of Metropolitan Washington,Facility Improvements,"$1,000,000 ",Hoyer,
Rural Housing Service,Rural Community Facilities Program, MD,"Calvert Health Medical Center, Inc.",Facility  Improvements  and  Purchase  of Equipment,"$867,000 ",Hoyer,
Rural Housing Service,Rural Community Facilities Program, MD,"San Mar Children’s Home, Inc., d.b.a. San Mar Family and Community Services, Inc.",Facility Construction,"$1,015,000 ",McClain Delaney,
Rural Housing Service,Rural Community Facilities Program, MD,Mount St. Mary’s University,Water Treatment Facility Construction,"$1,000,000 ",McClain Delaney,
Rural Housing Service,Rural Community Facilities Program, MD,"Garrett Regional Medical Center, Inc.",Facility Construction,"$1,000,000 ",McClain Delaney,
Rural Housing Service,Rural Community Facilities Program, MD,"Potomac Fire Company No. 2, Inc.",Purchase of Fire Engine,"$675,000 ",McClain Delaney,
Rural Housing Service,Rural Community Facilities Program, MD,"Deeds of Faith, Inc.",Facility Improvements,"$52,000 ",Olszewski,
Rural Housing Service,Rural Community Facilities Program, MD,McDaniel College,Purchase of Equipment and Software,"$830,000 ",Olszewski,
Rural Housing Service,Rural Community Facilities Program, MD,"Carroll  County  Veterans  Independence Project, Inc.",Facility Construction,"$1,000,000 ",Olszewski,
Rural Housing Service,Rural Community Facilities Program, MD,"Carroll County Youth Service Bureau, Inc.",Facility Improvements,"$1,000,000 ",Olszewski,
Rural Utilities Service,Rural Water and Waste Disposal Program, MD,"Board of County Commissioners of Kent County, Maryland",Millington Wastewater Treatment Plant,"$6,200,000 ",Harris,
Rural Utilities Service,Rural Water and Waste Disposal Program, MD,City of Brunswick,Reservoir Improvements,"$1,015,000 ",McClain Delaney,
Rural Utilities Service,Rural Water and Waste Disposal Program, MD,Town of Lonaconing,Water System Improvements,"$986,000 ",McClain Delaney,
Natural Resources Conservation Service,Conservation Operations, MA,Town of Lexington,Mystic River Watershed Improvements,"$1,000,000 ",Clark (MA),
Natural Resources Conservation Service,Conservation Operations, MA,Town of Wellesley,Charles River Watershed Improvements,"$500,000 ",Clark (MA),
Natural Resources Conservation Service,Conservation Operations, MA,Town of Yarmouth,Crab Creek Culvert Replacement and Wet lands Restoration,"$1,000,000 ",Keating,
Rural Housing Service,Rural Community Facilities Program, MA,Hyannis Public Library Association,Facility Improvements,"$1,000,000 ",Keating,
Rural Housing Service,Rural Community Facilities Program, MA,Town of Conway,Purchase of Fire Engine,"$700,000 ",McGovern,
Rural Housing Service,Rural Community Facilities Program, MA,Town of Princeton,Public Safety Facility Construction,"$1,000,000 ",McGovern,
Rural Housing Service,Rural Community Facilities Program, MA,"Shea Theater Arts Center, Inc.",Facility Improvements,"$165,000 ",McGovern,
Rural Housing Service,Rural Community Facilities Program, MA,"George Marston Whitin Memorial Commu nity Association, Inc.",Community Center Improvements,"$1,015,000 ",McGovern,
Rural Housing Service,Rural Community Facilities Program, MA,Town of Charlemont,Purchase of Fire Engine,"$599,000 ",Neal,
Rural Housing Service,Rural Community Facilities Program, MA,"Berkshire South Regional Community Cen ter, Inc.",Facility Improvements,"$1,015,000 ",Neal,
Rural Housing Service,Rural Community Facilities Program, MA,Town of Middlefield,Senior Center Facility Improvements,"$750,000 ",Neal,
Rural Utilities Service,Rural Water and Waste Disposal Program, MA,Town of Provincetown,Central Vacuum Station Improvements,"$1,015,000 ",Keating,
Rural Utilities Service,Rural Water and Waste Disposal Program, MA,Colrain Sewer District,Wastewater System Construction and Im provements,"$1,000,000 ",McGovern,
Natural Resources Conservation Service,Conservation Operations, LA,Amite River Basin Drainage and Water Conservation District,Upper Amite River Flood Reduction and Restoration,"$2,000,000 ",Letlow,
Rural Housing Service,Rural Community Facilities Program, LA,St. Landry Parish,Airport Facility Improvements,"$366,000 ",Fields,
Rural Housing Service,Rural Community Facilities Program, LA,"Hospital Service District No. 2, Parish of Vermilion, dba Abbeville General Hos pital",Expansion and Modernization of the Am bulatory Surgery and Obstetrics Depart ments for Abbeville General Hospital,"$2,000,000 ",Higgins,
Rural Housing Service,Rural Community Facilities Program, LA,The Louisiana Community and Technical College System,South Louisiana Community College Com mercial Diving Center of Excellence,"$1,000,000 ",Higgins,
Rural Housing Service,Rural Community Facilities Program, LA,"Hospital Service District No. 1A of the Parish of Richland, State of Louisiana, Richland Parish Hospital—Delhi (Delhi Hospital)",Delhi Hospital Outpatient Therapy and Di abetes  Education  Center  Expansion Project,"$4,000,000 ",Letlow,
Rural Utilities Service,Rural Water and Waste Disposal Program, LA,City of Mansfield,Water Infrastructure Improvements,"$720,000 ",Fields,
Rural Utilities Service,Rural Water and Waste Disposal Program, LA,City of Mansfield,Wastewater System Improvements,"$1,015,000 ",Fields,
Rural Housing Service,Rural Community Facilities Program, KY,City of Stamping Ground,"New Pumper Truck, Stamping Ground Vol unteer Fire Dept.","$300,000 ",Barr,
Rural Housing Service,Rural Community Facilities Program, KY,City of North Middletown,North Middletown Fire Truck Funding,"$214,500 ",Barr,
Rural Housing Service,Rural Community Facilities Program, KY,Trigg County Hospital,Trigg County Hospital Emergency Building,"$3,000,000 ",Comer,
Rural Housing Service,Rural Community Facilities Program, KY,Campbellsville University,"Campbellsville University School of Busi ness, Economics and Technology Build ing","$3,000,000 ",Comer,
Rural Housing Service,Rural Community Facilities Program, KY,City of Pikeville,Pikeville Police Department,"$3,987,500 ",Rogers (KY),
Rural Housing Service,Rural Community Facilities Program, KY,City of Louisa,Louisa Fire Department and Emergency Facility,"$3,046,875 ",Rogers (KY),
Rural Utilities Service,Rural Water and Waste Disposal Program, KY,City of Lewisport Municipal Water Works,Lewisport New Water Treatment Plant,"$2,000,000 ",Guthrie,
Rural Utilities Service,Rural Water and Waste Disposal Program, KY,City of Clarkson,Clarkson Wastewater Treatment Plant Ex pansion,"$1,500,000 ",Guthrie,
Rural Utilities Service,Rural Water and Waste Disposal Program, KY,Meade County Water District,Meade County Water District System Up grades,"$2,130,750 ",Guthrie,
Rural Utilities Service,Rural Water and Waste Disposal Program, KY,LaRue County Water District,New Haven Water Line Asbestos Removal,"$675,000 ",Guthrie,
Rural Housing Service,Rural Community Facilities Program, KS,Neosho Memorial Regional Medical Center,Neosho Memorial Regional Medical Center Medical  Imaging  Department  Mod ernization,"$668,975 ",Schmidt,
Rural Housing Service,Rural Community Facilities Program, KS,City of Parsons Police Department,Parsons Public Safety Center,"$2,300,000 ",Schmidt,
Rural Housing Service,Rural Community Facilities Program, KS,City of Hillsboro Fire Department,Hillsboro Fire Station Modernization,"$600,000 ",Schmidt,
Rural Housing Service,Rural Community Facilities Program, IN,Town of Bargersville,Bargersville Country Road 144 Reconstruc tion,"$1,600,000 ",Shreve,
Natural Resources Conservation Service,Conservation Operations, IL,Lake County Forest Preserve District,Gander Mountain Forest Preserve Improve ments,"$1,000,000 ",Schneider,
Natural Resources Conservation Service,Conservation Operations, IL,McHenry County Conservation District,Silver Creek Habitat Restoration and Flood Reduction,"$300,000 ",Schneider,
Rural Housing Service,Rural Community Facilities Program, IL,City of Effingham,Effingham Fire Department Platform Lad der Truck Replacement Project,"$700,000 ",Bost,
Rural Housing Service,Rural Community Facilities Program, IL,Jefferson Fire Protection District,Jefferson Fire District New Fire Station Headquarters and Regional Training Fa cility,"$253,365 ",Bost,
Rural Housing Service,Rural Community Facilities Program, IL,Village of Dwight,Facility Improvements,"$1,000,000 ",Kelly (IL),
Rural Housing Service,Rural Community Facilities Program, IL,"Arukah Institute of Healing, Inc NFP",Rural  Behavioral  Health  Services  and Workforce Training Center,"$2,000,000 ",LaHood,
Rural Housing Service,Rural Community Facilities Program, IL,Village of Metamora,Metamora Fire and EMS Facility,"$4,000,000 ",LaHood,
Rural Housing Service,Rural Community Facilities Program, IL,Rock Falls Fire Department,Fire and Rescue Training Tower Construc tion,"$825,000 ",Sorensen,
Rural Housing Service,Rural Community Facilities Program, IL,Community Health Partnership of Illinois,Facility Improvements,"$1,015,000 ",Underwood,
Rural Housing Service,Rural Community Facilities Program, IL,Illinois Valley Food Pantry,Purchase of Equipment,"$550,000 ",Underwood,
Rural Housing Service,Rural Community Facilities Program, IL,Prairie Band Potawatomi Nation,Facility Improvements,"$1,000,000 ",Underwood,
Rural Utilities Service,Rural Water and Waste Disposal Program, IL,City of Sesser,City of Sesser—Water System Improve ments—Phase 3,"$471,000 ",Bost,
Rural Utilities Service,Rural Water and Waste Disposal Program, IL,Village of Harristown,Water Service Lines Replacement,"$1,000,000 ",Budzinski,
Rural Utilities Service,Rural Water and Waste Disposal Program, IL,EJ Water Cooperative,Delbert Mundt Water Treatment Plant Ex pansion—Ph 76,"$4,500,000 ",Miller (IL),
Agricultural Research Service,Buildings and Facilities, ID,University of Idaho,"USDA ARS Idaho Center for Agriculture, Food, and the Environment","$3,000,000 ",Simpson,
Natural Resources Conservation Service,Conservation Operations, ID,Bingham Groundwater District,Bingham County Aquifer Data and Sus tainability Project,"$700,000 ",Simpson,
Rural Housing Service,Rural Community Facilities Program, ID,"Boys and Girls Club of Magic Valley, Inc.",Jerome Boys & Girls Club Building Project,"$2,865,039 ",Simpson,
Rural Housing Service,Rural Community Facilities Program, ID,Buhl Rural Fire Protection District,Buhl Rural Fire Protection District,"$3,375,000 ",Simpson,
Natural Resources Conservation Service,Conservation Operations, IA,University of Iowa,Advanced Flood and Drought Monitoring and Forecasting for Western Iowa,"$500,000 ",Nunn,
Rural Housing Service,Rural Community Facilities Program, IA,City of Dysart,Dysart Public Works Maintenance Facility Renovation Project,"$265,451 ",Hinson,
Rural Housing Service,Rural Community Facilities Program, IA,Grinnell Regional Medical Center,Grinnell Regional Medical Center Labor and Delivery Unit Expansion,"$1,000,000 ",Hinson,
Rural Housing Service,Rural Community Facilities Program, IA,Winneshiek Medical Center Foundation,WinnMed Surgical Department Upgrade,"$700,000 ",Hinson,
Rural Housing Service,Rural Community Facilities Program, IA,City of Aplington,Aplington Protective Services Building,"$1,000,000 ",Hinson,
Rural Housing Service,Rural Community Facilities Program, IA,Keokuk Area Hospital,Insight Keokuk Area Hospital Priority Out patient Services,"$825,000 ",MillerMeeks,
Rural Housing Service,Rural Community Facilities Program, IA,"YMCA of Newton, Iowa, Inc.",Newton  YMCA  Community  Enhancement Project,"$2,797,975 ",MillerMeeks,
Rural Housing Service,Rural Community Facilities Program, IA,St. Luke’s/Jones Regional Medical Center,Center for Advanced Education and Med ical Simulation Project,"$2,000,000 ",MillerMeeks,
Rural Housing Service,Rural Community Facilities Program, IA,"Vision Atlantic, Inc.",Vision Atlantic’s Lakin Foundation Child Development Center of Atlantic,"$2,500,000 ",Nunn,
Rural Housing Service,Rural Community Facilities Program, IA,"Wapello Heritage Foundation, Inc.",Community Education Classroom at the American Gothic House Center in Eldon,"$412,500 ",Nunn,
Rural Utilities Service,Rural Water and Waste Disposal Program, IA,City of Belle Plaine,Belle  Plaine  Drinking  Water  Resiliency Project,"$4,000,000 ",Hinson,
Rural Housing Service,Rural Community Facilities Program, HI,"Hana Business Council, Inc.",Community Center Improvements,"$1,015,000 ",Tokuda,
Rural Housing Service,Rural Community Facilities Program, HI,Ko‘olauloa Health Center,Facility Improvements,"$750,000 ",Tokuda,
Rural Housing Service,Rural Community Facilities Program, HI,The Queens Health System,Facility  Improvements  and  Purchase  of Equipment,"$1,015,000 ",Tokuda,
Rural Housing Service,Rural Community Facilities Program, HI,West Hawai‘i Region of Hawai‘i Health Systems Corporation,Facility  Improvements  and  Purchase  of Equipment,"$1,015,000 ",Tokuda,
Rural Housing Service,Rural Community Facilities Program, HI,Lana’i Community Health Center,Facility  Improvements  and  Purchase  of Equipment,"$1,000,000 ",Tokuda,
Rural Housing Service,Rural Community Facilities Program, HI,"Waianae  District  Comprehensive  Health and  Hospital  Board,  d.b.a.  Waianae Coast Comprehensive Health Center",Food Distribution Facility Construction,"$1,000,000 ",Tokuda,
Rural Housing Service,Rural Community Facilities Program, GU,Guam Fire Department,Hagatna (GU) Guam Fire Department Vehi cle and Equipment,"$112,500 ",Moylan,
Rural Housing Service,Rural Community Facilities Program, GU,Todu Guam Foundation,Tamnuning (GU) Todu Guam Foundation Health and Wellness Center Phase 1,"$1,500,000 ",Moylan,
Rural Housing Service,Rural Community Facilities Program, GU,WestCare Housing for the Homeless,Chalan Pago (GU) WestCare Housing for the Homeless,"$990,000 ",Moylan,
Rural Housing Service,Rural Community Facilities Program, GU,Guam Customs and Quarantine Agency,Tiyan (GU) Guam Customs and Quarantine Integrated  Emergency  Response  and Command System,"$538,505 ",Moylan,
Rural Housing Service,Rural Community Facilities Program, GU,Chalan PagoOrdot Mayor’s Office,Chalan  PagoOrdot  Multipurpose/Emer gency Center,"$689,206 ",Moylan,
Natural Resources Conservation Service,Conservation Operations, GA,The Georgia Water Planning and Policy Center at Albany State University,Lake Lanier Water Quality Initiative,"$2,500,000 ",McCormick,
Rural Housing Service,Rural Community Facilities Program, GA,City of Tybee Island,Tybee Island Fire Station Replacement,"$5,000,000 ",Carter (GA),
Rural Housing Service,Rural Community Facilities Program, GA,Walker County Development Authority,Lookout  Mountain  Cloudland  Fire  and Emergency Center,"$1,218,750 ",Greene,
Rural Housing Service,Rural Community Facilities Program, GA,CHI Memorial Hospital Georgia,Bridging the Healthcare Gap: Bringing Di agnostic Imaging to the Trenton Com munity,"$90,855 ",Greene,
Rural Housing Service,Rural Community Facilities Program, FL,City of Inverness,City of Inverness Fire Protection,"$715,000 ",Bilirakis,
Rural Housing Service,Rural Community Facilities Program, FL,City of South Bay,Public Safety Facility Construction,"$1,000,000 ",CherfilusMcCor mick,
Rural Housing Service,Rural Community Facilities Program, FL,HorsePlay Therapy Center,The EquineAssisted Rehabilitation Center for Children and Veterans,"$1,000,000 ",Fine,
Rural Housing Service,Rural Community Facilities Program, DE,"Boys and Girls Club of Delaware, Inc.",Facility Construction,"$1,015,000 ",McBride,
Rural Housing Service,Rural Community Facilities Program, DE,"NeighborGood Partners, Inc.",Sewer Lift Station,"$250,000 ",McBride,
Natural Resources Conservation Service,Conservation Operations, DC,District of Columbia,Kingman Lake Wetlands Restoration and Improvements,"$1,000,000 ",Norton,
Natural Resources Conservation Service,Conservation Operations, DC,District of Columbia,Rock Creek Park Restoration and Improve ments,"$1,000,000 ",Norton,
Rural Housing Service,Rural Community Facilities Program, CT,"Wheelern School & Library of North Stonington, Inc.",Facility Improvements,"$1,000,000 ",Courtney,
Rural Housing Service,Rural Community Facilities Program, CT,Town of Norfolk,Fire House Construction,"$500,000 ",Hayes,
Rural Housing Service,Rural Community Facilities Program, CT,"Harriott Community Health Initiative, Inc.",Property  Acquisition  and  Purchase  of Equipment,"$1,015,000 ",Larson (CT),
Rural Housing Service,Rural Community Facilities Program, CO,Spanish Peaks Regional Health Center,Veterans Enhanced Transportation Services Project,"$450,000 ",Hurd,
Rural Housing Service,Rural Community Facilities Program, CO,City of Central City,Fire House Construction,"$563,000 ",Neguse,
Rural Housing Service,Rural Community Facilities Program, CO,Town of Estes Park,Police Department Facility Construction,"$1,000,000 ",Neguse,
Rural Housing Service,Rural Community Facilities Program, CO,Eagle River Fire Protection District,Public Safety Facility Construction,"$1,015,000 ",Neguse,
Rural Housing Service,Rural Community Facilities Program, CO,Boys and Girls Clubs of Chaffee County,Facility Construction,"$1,015,000 ",Pettersen,
Rural Housing Service,Rural Community Facilities Program, CO,Colorado Department of Corrections,Childcare Facility Improvements,"$873,000 ",Pettersen,
Rural Housing Service,Rural Community Facilities Program, CO,Town of Cripple Creek,Childcare Facility Construction,"$1,015,000 ",Pettersen,
Rural Housing Service,Rural Community Facilities Program, CO,Morning Star Child Care,Property Acquisition and Facility Construc tion,"$1,015,000 ",Pettersen,
Rural Housing Service,Rural Community Facilities Program, CO,Chaffee County,Sheriff Office Construction and Improve ment,"$1,000,000 ",Pettersen,
Rural Utilities Service,Rural Water and Waste Disposal Program, CO,Town of Hot Sulphur Springs,Wastewater Treatment Facility Construc tion,"$1,000,000 ",Neguse,
Natural Resources Conservation Service,Conservation Operations, CA,Chowchilla Water District,Water System Intertie,"$1,000,000 ",Gray,
Natural Resources Conservation Service,Conservation Operations, CA,McKinleyville Community Services District,Forest and Watershed Management Plan,"$1,000,000 ",Huffman,
Natural Resources Conservation Service,Conservation Operations, CA,Resource Conservation District of Tehama County,Collins Pine Forest Health and Resiliency Partnership,"$2,500,000 ",LaMalfa,
Natural Resources Conservation Service,Conservation Operations, CA,Resource Conservation District of Monterey County,Salinas River Watershed Improvements,"$1,000,000 ",Lofgren,
Natural Resources Conservation Service,Conservation Operations, CA,Tulare Irrigation District,Kaweah River Siphon Resiliency Project,"$3,500,000 ",Valadao,Costa
Rural Housing Service,Rural Community Facilities Program, CA,City of Guadalupe,Senior Center Facility Improvements,"$275,000 ",Carbajal,
Rural Housing Service,Rural Community Facilities Program, CA,Santa Margarita Fire District,Facility Construction,"$1,015,000 ",Carbajal,
Rural Housing Service,Rural Community Facilities Program, CA,City of Kingsburg,Emergency Operations Center Construction,"$1,000,000 ",Costa,
Rural Housing Service,Rural Community Facilities Program, CA,City of Orange Cove,Police Department Facility Construction,"$1,000,000 ",Costa,
Rural Housing Service,Rural Community Facilities Program, CA,City of Parlier,Police Department Facility Improvements,"$1,000,000 ",Costa,
Rural Housing Service,Rural Community Facilities Program, CA,Fresno Irrigation District,Upper Kings Community Water Resiliency Project,"$2,000,000 ",Fong,
Rural Housing Service,Rural Community Facilities Program, CA,Gustine Unified School District,Facility Construction,"$366,000 ",Gray,
Rural Housing Service,Rural Community Facilities Program, CA,Partnership for the Performing Arts,Civic and Emergency Operations Center Facility Construction,"$1,000,000 ",Huffman,
Rural Housing Service,Rural Community Facilities Program, CA,Gualala Community Center,Community Center Construction,"$1,000,000 ",Huffman,
Rural Housing Service,Rural Community Facilities Program, CA,Leggett Valley Fire Protection District,Facility Improvements,"$962,000 ",Huffman,
Rural Housing Service,Rural Community Facilities Program, CA,"Petaluma Health Center, Inc.",Property Acquisition and Improvements,"$500,000 ",Huffman,
Rural Housing Service,Rural Community Facilities Program, CA,Trinity Public Utilities District,Purchase of NonExpulsion Fuse Equip ment,"$360,000 ",Huffman,
Rural Housing Service,Rural Community Facilities Program, CA,Pala Band of Mission Indians,Pala Band of Mission Indians Community Learning Center,"$187,500 ",Issa,
Rural Housing Service,Rural Community Facilities Program, CA,City of Bishop,Bishop Fire Ladder Truck,"$1,214,366 ",Kiley,
Rural Housing Service,Rural Community Facilities Program, CA,Nevada County Sheriff’s Office,Nevada County Sheriff’s Office Regional Indoor Firearms Range and Training Fa cility,"$2,475,000 ",Kiley,
Rural Housing Service,Rural Community Facilities Program, CA,Nevada County Consolidated Fire District,Special Operations Medium Rescue Vehicle,"$337,000 ",Kiley,
Rural Housing Service,Rural Community Facilities Program, CA,Siskiyou  County  Economic  Development Council,Siskiyou Business Innovation and Commu nity Resilience Center,"$356,150 ",LaMalfa,
Rural Housing Service,Rural Community Facilities Program, CA,City of Willows,Community  Project  Funding  Assistance Type 1 Fire Engine,"$605,000 ",LaMalfa,
Rural Housing Service,Rural Community Facilities Program, CA,Cambria Community Services District,Purchase of Fire Engine,"$935,000 ",Panetta,
Rural Housing Service,Rural Community Facilities Program, CA,Boys and Girls Clubs of Santa Cruz Coun ty,Facility Construction,"$1,000,000 ",Panetta,
Rural Housing Service,Rural Community Facilities Program, CA,City of Westmorland,Public Safety Facility Construction,"$1,015,000 ",Ruiz,
Rural Housing Service,Rural Community Facilities Program, CA,Yolo Food Bank,Purchase of Mobile Pantry Vehicle and Equipment,"$375,000 ",Thompson (CA),
Rural Housing Service,Rural Community Facilities Program, CA,County of Tulare,Tulare County Fire Department Apparatus Acquisition Project,"$1,643,448 ",Valadao,
Rural Utilities Service,ReConnect Pilot Program, CA,City of Fort Bragg,Broadband Infrastructure Construction and Improvements,"$750,000 ",Huffman,
Rural Utilities Service,Rural Water and Waste Disposal Program, CA,City of Solvang,Wastewater  Treatment  Facility  Improve ments,"$1,000,000 ",Carbajal,
Rural Utilities Service,Rural Water and Waste Disposal Program, CA,Plumas Eureka Community Services Dis trict,Plumas Eureka Water Treatment Plant,"$1,500,000 ",Kiley,
Rural Utilities Service,Rural Water and Waste Disposal Program, CA,Durham Irrigation District,Durham Irrigation District 1.0 Million Gal lon Water Storage Tank Project,"$2,000,000 ",LaMalfa,
Rural Utilities Service,Rural Water and Waste Disposal Program, CA,City of Rolling Hills Estates,Water Infrastructure Improvements,"$750,000 ",Lieu,
Rural Utilities Service,Rural Water and Waste Disposal Program, CA,County of Sacramento,Walnut Grove Water System Improvements,"$1,000,000 ",Matsui,
Rural Utilities Service,Rural Water and Waste Disposal Program, CA,City of Big Bear Lake’s Department of Water and Power,Garstin Water Operations Facility Project,"$1,500,000 ",Obernolte,
Rural Housing Service,Rural Community Facilities Program, AZ,City of Tolleson,Canal Path Improvements,"$1,015,000 ",Ansari,
Rural Housing Service,Rural Community Facilities Program, AZ,Oracle Fire District,Oracle Brush Dump,"$340,049 ",Ciscomani,
Rural Housing Service,Rural Community Facilities Program, AR,"Arisa Health, Inc.","Arisa  Health  TC–1  Transitional  Mental Health Facility—Forrest City, Arkansas","$460,000 ",Crawford,
Rural Housing Service,Rural Community Facilities Program, AR,North Arkansas Regional Medical Center,NARMC MRI: Advancing Rural Healthcare,"$337,546 ",Crawford,
Rural Housing Service,Rural Community Facilities Program, AR,Pea Ridge Fire Department,Pea Ridge Fire Station,"$2,750,000 ",Womack,
Rural Housing Service,Rural Community Facilities Program, AR,Mercy Berryville Hospital,Berryville Hospital MRI,"$1,376,691 ",Womack,
Rural Housing Service,Rural Community Facilities Program, AL,"The Healthcare Authority of Winfield, Ala bama","Medical Equipment for Hospital in Win field, AL","$1,147,500 ",Aderholt,
Rural Housing Service,Rural Community Facilities Program, AL,Fayette Medical Center Board of Directors,"Health Clinic in Fayette, AL","$5,551,812 ",Aderholt,
Rural Housing Service,Rural Community Facilities Program, AL,Snead State Community College,Snead State Community College Workforce Advancement,"$437,500 ",Aderholt,
Rural Housing Service,Rural Community Facilities Program, AL,St. Vincent’s Blount,Medical Equipment at University of Ala bama Birmingham (UAB) St. Vincent’s Blount,"$1,000,000 ",Aderholt,
Rural Housing Service,Rural Community Facilities Program, AL,Northeast Alabama Community College,Northeast  Alabama  Community  College Nursing School Equipment,"$273,188 ",Aderholt,
Rural Housing Service,Rural Community Facilities Program, AL,Walker Area Community Foundation,Career and Technical Education Center Equipment,"$1,100,000 ",Aderholt,
Rural Housing Service,Rural Community Facilities Program, AL,City of Eufaula,Purchase of MRI Equipment,"$375,000 ",Figures,
Rural Housing Service,Rural Community Facilities Program, AL,City of Jackson,Facility  Improvements  and  Purchase  of Equipment,"$1,000,000 ",Figures,
Rural Housing Service,Rural Community Facilities Program, AL,Crenshaw County,Facility Construction,"$1,000,000 ",Figures,
Rural Housing Service,Rural Community Facilities Program, AL,City of Tuskegee,Public Safety Facility Construction,"$1,015,000 ",Figures,
Rural Housing Service,Rural Community Facilities Program, AL,City of Aliceville,Public Safety Facility Construction,"$1,000,000 ",Sewell,
Rural Housing Service,Rural Community Facilities Program, AL,Sumter County Commission,Community Center Construction and Im provements,"$750,000 ",Sewell,
Rural Housing Service,Rural Community Facilities Program, AL,Perry County Commission,Community Center Improvements,"$500,000 ",Sewell,
Rural Housing Service,Rural Community Facilities Program, AL,"Rural Health Medical Program, Inc.",Facility Improvements,"$1,015,000 ",Sewell,
Rural Utilities Service,Rural Water and Waste Disposal Program, AL,Town of Ardmore,"Ardmore, AL Groundwater Treatment Facil ity","$5,175,000 ",Strong,
Rural Utilities Service,Rural Water and Waste Disposal Program, AL,Town of Triana,"Triana, AL Sanitary Sewer Improvements","$1,087,500 ",Strong,
Rural Housing Service,Rural Community Facilities Program, AK,City & Borough of Wrangell,Wrangell Public Safety Building & Emer gency Operations Center Rehabilitation,"$2,438,000 ",Begich,
Rural Housing Service,Rural Community Facilities Program, AK,Northwest Arctic Borough School District,Districtwide Fire System Repair and Re placement,"$847,568 ",Begich,