Agency,Account,State,Recipient,Project,Amount,Requested by,Requested by 2
Department of Commerce,National Institutes of Standards and Technology Science and Technical Research Services, MD,"Blackbird Laboratories, Inc..",The National Center to Accelerate Cures,"$3,000,000.00 ",Alsobrooks, Van Hollen
Department of Commerce,National Institutes of Standards and Technology Science and Technical Research Services, MD,The Maryland Center at Bowie State,Quantum Computing Breakthrough Against Cancer,"$700,000.00 ",Alsobrooks, Van Hollen
Department of Commerce,National Institutes of Standards and Technology Science and Technical Research Services, MD,"University of Maryland, Baltimore",UM–MIND X–CHANGE,"$2,910,000.00 ",Alsobrooks, Van Hollen
Department of Commerce,National Institutes of Standards and Technology Science and Technical Research Services, CO,University of Colorado Boulder,"Wildfire Education, Research and Training Laboratory","$1,887,000.00 ",Bennet, Hickenlooper
Department of Commerce,National Institutes of Standards and Technology Science and Technical Research Services, CO,University of Colorado Denver,Quantum Laboratory Equipment,"$778,000.00 ",Bennet, Hickenlooper
Department of Commerce,National Institutes of Standards and Technology Science and Technical Research Services, CT,Naval & Maritime Consortium,Cybersecurity Readiness Initiative for the Maritime Indus-,"$689,000.00 ",Blumenthal, Murphy
Department of Commerce,National Institutes of Standards and Technology Science and Technical Research Services, DE,University of Delaware,Biopharmaceutical Manufacturing Equipment,"$3,604,000.00 ",Blunt Rochester, Coons
Department of Commerce,National Institutes of Standards and Technology Science and Technical Research Services, AR,University of Arkansas at Little Rock,Integrated Nanotechnology Sciences Research,"$3,000,000.00 ",Boozman,
Department of Commerce,National Institutes of Standards and Technology Science and Technical Research Services, AR,"University of Arkansas, Fayetteville",Power Packaging Center of Excellence,"$3,500,000.00 ",Boozman,
Department of Commerce,National Institutes of Standards and Technology Science and Technical Research Services, AL,Alabama State University,Mechanical Engineering Degree Program,"$500,000.00 ",Britt,
Department of Commerce,National Institutes of Standards and Technology Science and Technical Research Services, AL,Auburn University,Development of Digital Technologies,"$1,000,000.00 ",Britt,
Department of Commerce,National Institutes of Standards and Technology Science and Technical Research Services, AL,The University of Alabama,Detection and Prevention of Aquaculture Product,"$1,000,000.00 ",Britt,
Department of Commerce,National Institutes of Standards and Technology Science and Technical Research Services, WA,Gonzaga University,Gonzaga University Center for Materials Research,"$1,000,000.00 ",Cantwell,
Department of Commerce,National Institutes of Standards and Technology Science and Technical Research Services, WA,University of Washington,UW Interdisciplinary Engineering Building Equipment,"$2,000,000.00 ",Cantwell,
Department of Commerce,National Institutes of Standards and Technology Science and Technical Research Services, WA,Washington State University,WSU National Semiconductor Crystal Growth Center,"$2,000,000.00 ",Cantwell,
Department of Commerce,National Institutes of Standards and Technology Science and Technical Research Services, WV,BridgeValley Community and Tech-,Applied Energy Systems Lab for Renewable Workforce,"$800,000.00 ",Capito, Justice
Department of Commerce,National Institutes of Standards and Technology Science and Technical Research Services, WV,West Virginia University Research,Instrumentation for BioNano and Chemistry NMR Research,"$2,200,000.00 ",Capito, Justice
Department of Commerce,National Institutes of Standards and Technology Science and Technical Research Services, LA,University of New Orleans,University of New Orleans Advance Computing and Chem-,"$1,350,000.00 ",Cassidy,
Department of Commerce,National Institutes of Standards and Technology Science and Technical Research Services, LA,Louisiana State University,Electronic Microscopy Sight,"$2,500,000.00 ",Cassidy, Kennedy
Department of Commerce,National Institutes of Standards and Technology Science and Technical Research Services, LA,University of Louisiana Lafayette,Semiconductor Technology Center,"$5,000,000.00 ",Cassidy, Kennedy
Department of Commerce,National Institutes of Standards and Technology Science and Technical Research Services, ME,Central Maine Growth Council,Maine High-Performance Computing Hub,"$6,200,000.00 ",Collins,
Department of Commerce,National Institutes of Standards and Technology Science and Technical Research Services, ME,"Penquis C.A.P, Inc. .",3D–Printing Research and Development,"$1,270,000.00 ",Collins,
Department of Commerce,National Institutes of Standards and Technology Science and Technical Research Services, DE,Christiana Care Health Services,Expansion of Gene Editing Learning Lab,"$500,000.00 ",Coons,
Department of Commerce,National Institutes of Standards and Technology Science and Technical Research Services, IL,William Rainey Harper College,Harper College Quantum Workforce Education and Training,"$765,000.00 ",Duckworth,
Department of Commerce,National Institutes of Standards and Technology Science and Technical Research Services, PA,Juniata College,Advanced Chemistry Instrumentation for Pennsylvania Stu-,"$400,000.00 ",Fetterman, McCormick
Department of Commerce,National Institutes of Standards and Technology Science and Technical Research Services, PA,King’s College,King’s College Cybersecurity Lab,"$300,000.00 ",Fetterman, McCormick
Department of Commerce,National Institutes of Standards and Technology Science and Technical Research Services, PA,University of Pittsburgh,Western Pennsylvania Shared Quantum Information Core,"$400,000.00 ",Fetterman, McCormick
Department of Commerce,National Institutes of Standards and Technology Science and Technical Research Services, NE,University of Nebraska Board of Re-,Scientific Instrumentation for Biomedical Research,"$3,000,000.00 ",Fischer,
Department of Commerce,National Institutes of Standards and Technology Science and Technical Research Services, NE,University of Nebraska Board of Re-,Instrumentation for Advanced Water Research,"$1,000,000.00 ",Fischer,
Department of Commerce,National Institutes of Standards and Technology Science and Technical Research Services, NE,University of Nebraska Board of Re-,Growing Nebraska’s Bioeconomy,"$1,000,000.00 ",Fischer,
Department of Commerce,National Institutes of Standards and Technology Science and Technical Research Services, NY,The Research Foundation for The,SUNY Albany—Cleanroom Equipment Update,"$1,521,000.00 ",Gillibrand,
Department of Commerce,National Institutes of Standards and Technology Science and Technical Research Services, NY,New York University,Quantum Research Equipment,"$1,000,000.00 ",Gillibrand, Schumer
Department of Commerce,National Institutes of Standards and Technology Science and Technical Research Services, NY,Rensselaer Polytechnic Institute,Biomanufacturing Equipment,"$1,000,000.00 ",Gillibrand, Schumer
Department of Commerce,National Institutes of Standards and Technology Science and Technical Research Services, NY,Rochester Institute of Technology,Rochester Quantum Network (RoQNET),"$2,000,000.00 ",Gillibrand, Schumer
Department of Commerce,National Institutes of Standards and Technology Science and Technical Research Services, NY,Syracuse University,Semiconductor Thermal Noise Testbed,"$1,000,000.00 ",Gillibrand, Schumer
Department of Commerce,National Institutes of Standards and Technology Science and Technical Research Services, NY,Trudeau Institute Inc. .,Modernization of Instrumentation and Analytical Capabili-,"$2,500,000.00 ",Gillibrand, Schumer
Department of Commerce,National Institutes of Standards and Technology Science and Technical Research Services, OH,Case Western Reserve University,Advanced Product Manufacturing Technologies Initiative,"$1,750,000.00 ",Husted,
Department of Commerce,National Institutes of Standards and Technology Science and Technical Research Services, OH,Ohio University,Research Equipment for U.S. Energy Leadership and Sup-,"$1,250,000.00 ",Husted,
Department of Commerce,National Institutes of Standards and Technology Science and Technical Research Services, OH,Transportation Research Center,Impact Lab Equipment,"$1,500,000.00 ",Husted, Moreno
Department of Commerce,National Institutes of Standards and Technology Science and Technical Research Services, OH,University of Dayton,Nanoscience Device Research and Workforce Development,"$1,250,000.00 ",Husted, Moreno
Department of Commerce,National Institutes of Standards and Technology Science and Technical Research Services, MS,Mississippi State University,Secured Research Computing Infrastructure,"$1,000,000.00 ",Hyde-Smith, Wicker
Department of Commerce,National Institutes of Standards and Technology Science and Technical Research Services, MS,Mississippi State University,Agriculture Autonomy Technology Incubator,"$1,100,000.00 ",Hyde-Smith, Wicker
Department of Commerce,National Institutes of Standards and Technology Science and Technical Research Services, MS,University of Mississippi,Graphene and Graphene-Like Low-Dimensional Materials,"$4,000,000.00 ",Hyde-Smith, Wicker
Department of Commerce,National Institutes of Standards and Technology Science and Technical Research Services, VA,Old Dominion University,Old Dominion University’s Center of Excellence in Trust-,"$1,500,000.00 ",Kaine, Warner
Department of Commerce,National Institutes of Standards and Technology Science and Technical Research Services, LA,Health Sciences Center,Medical Education Building Laboratory Research Equip-,"$7,500,000.00 ",Kennedy,
Department of Commerce,National Institutes of Standards and Technology Science and Technical Research Services, MA,Endicott College,Preparing Next-Gen Engineers,"$786,000.00 ",Markey, Warren
Department of Commerce,National Institutes of Standards and Technology Science and Technical Research Services, MA,Woodwell Climate Research Center,Soil Carbon Sampling and Analysis Laboratory,"$800,000.00 ",Markey, Warren
Department of Commerce,National Institutes of Standards and Technology Science and Technical Research Services, MA,Worcester Polytechnic Institute,An End to Forever Chemicals in Worcester County,"$1,500,000.00 ",Markey, Warren
Department of Commerce,National Institutes of Standards and Technology Science and Technical Research Services, OR,Oregon State University,Bioscience AI Computing Cluster,"$2,000,000.00 ",Merkley, Wyden
Department of Commerce,National Institutes of Standards and Technology Science and Technical Research Services, OR,Oregon State University,Next Generation Semiconductor Test Facility,"$2,520,000.00 ",Merkley, Wyden
Department of Commerce,National Institutes of Standards and Technology Science and Technical Research Services, OR,Portland State University,Semiconductor,"$2,000,000.00 ",Merkley, Wyden
Department of Commerce,National Institutes of Standards and Technology Science and Technical Research Services, OR,University of Oregon,"Imaging and
Equipment.","$3,000,000.00 ",Merkley, Wyden
Department of Commerce,National Institutes of Standards and Technology Science and Technical Research Services, KS,Kansas City Kansas Community Col-lege.,Advanced Manufacturing Workforce Enhancement Program,"$3,000,000.00 ",Moran,
Department of Commerce,National Institutes of Standards and Technology Science and Technical Research Services, KS,Kansas State University,Bioprocessing,"$4,000,000.00 ",Moran,
Department of Commerce,National Institutes of Standards and Technology Science and Technical Research Services, KS,Kansas State University,"ment Innovation Center—Equipment.
Advanced Manufacturing","$5,004,000.00 ",Moran,
Department of Commerce,National Institutes of Standards and Technology Science and Technical Research Services, KS,Wichita State University,Advanced Manufacturing Technology and Equipment,"$5,000,000.00 ",Moran,
Department of Commerce,National Institutes of Standards and Technology Science and Technical Research Services, OH,Sinclair Community College,Enhanced Manufacturing Education Center,"$1,145,000.00 ",Moreno,
Department of Commerce,National Institutes of Standards and Technology Science and Technical Research Services, OH,University of Akron,Polymer R&D and Production Facility,"$1,000,000.00 ",Moreno,
Department of Commerce,National Institutes of Standards and Technology Science and Technical Research Services, OK,Mid-America Christian University,Engineering and Artificial Intelligence Technology Project,"$1,300,000.00 ",Mullin,
Department of Commerce,National Institutes of Standards and Technology Science and Technical Research Services, OK,University of Tulsa,Cooperative and Secure Physical AI Systems,"$3,000,000.00 ",Mullin,
Department of Commerce,National Institutes of Standards and Technology Science and Technical Research Services, AK,University of Alaska Anchorage,Biotechnology Research Commercialization Initiative,"$1,500,000.00 ",Murkowski,
Department of Commerce,National Institutes of Standards and Technology Science and Technical Research Services, WA,University of Washington,Radiocarbon Lab Upgrades,"$1,500,000.00 ",Murray,
Department of Commerce,National Institutes of Standards and Technology Science and Technical Research Services, WA,University of Washington,Kirsten Wind Tunnel Improvements,"$3,000,000.00 ",Murray,
Department of Commerce,National Institutes of Standards and Technology Science and Technical Research Services, WA,University of Washington,Husky Secure Computing Data & Infrastructure,"$10,000,000.00 ",Murray,
Department of Commerce,National Institutes of Standards and Technology Science and Technical Research Services, MI,Michigan Technological University,Safe and Secure AI Manufacturing Implementation Pro-gram.,"$2,000,000.00 ",Peters, Slotkin
Department of Commerce,National Institutes of Standards and Technology Science and Technical Research Services, NY,American Museum of Natural History,Advancing Emerging Technologies and Scientific Discovery,"$1,000,000.00 ",Schumer,
Department of Commerce,National Institutes of Standards and Technology Science and Technical Research Services, NY,The Research Foundation for The,"through the Digital Twinning of Scientific Specimens.
CNSE 200mm Wafer Cleanroom Equipment","$1,000,000.00 ",Schumer,
Department of Commerce,National Institutes of Standards and Technology Science and Technical Research Services, NH,"State University of New York, Uni-versity at Albany.
University of New Hampshire",Building Capacity for PFAS Analysis in New Hampshire,"$890,000.00 ",Shaheen,
Department of Commerce,National Institutes of Standards and Technology Science and Technical Research Services, MT,Montana State University,VITAL and Bioinformatics Facilities Equipment,"$3,000,000.00 ",Sheehy,
Department of Commerce,National Institutes of Standards and Technology Science and Technical Research Services, MD,Loyola University Maryland,Donnelly Science Center Research Lab,"$2,000,000.00 ",Van Hollen,
Department of Commerce,National Institutes of Standards and Technology Science and Technical Research Services, MD,Morgan State University,"Equipment for the Center for Education and Research in
Microelectronics.","$3,400,000.00 ",Van Hollen,
Department of Commerce,National Institutes of Standards and Technology Science and Technical Research Services, MD,Hood College,Biomedical Research and Training Center,"$2,500,000.00 ",Alsobrooks,
Department of Commerce,National Institutes of Standards and Technology Science and Technical Research Services, MD,Morgan State University,Molecular Biology Research Laboratory,"$5,500,000.00 ",Alsobrooks,
Department of Commerce,National Institutes of Standards and Technology Science and Technical Research Services, ME,University of Maine,University of Maine Health Science Complex,"$45,000,000.00 ",Collins,
Department of Commerce,National Institutes of Standards and Technology Science and Technical Research Services, KY,University of Kentucky,Healthy Kentucky Research Building,"$35,000,000.00 ",McConnell,
Department of Commerce,National Institutes of Standards and Technology Science and Technical Research Services, KY,University of Louisville,Center for Bioscience,"$70,000,000.00 ",McConnell,
Department of Commerce,National Institutes of Standards and Technology Science and Technical Research Services, KS,Kansas State University,Bioprocessing & Industrial Value Added Products Equip-ment Innovation Center—Construction.,"$8,000,000.00 ",Moran,
Department of Commerce,National Institutes of Standards and Technology Science and Technical Research Services, KS,University of Kansas,University of Kansas Cancer Center,"$36,000,000.00 ",Moran,
Department of Commerce,"National Oceanic and Atmospheric Administration Operations, Research, and Facilities", CT,Connecticut College,Thames River Marine Habitat Feasibility Study,"$56,000.00 ",Blumenthal, Murphy
Department of Commerce,"National Oceanic and Atmospheric Administration Operations, Research, and Facilities", CT,CORR—Collective Oyster Recycling &,Connecticut Shell Recycling and Shellfish Restoration Col-,"$184,000.00 ",Blumenthal, Murphy
Department of Commerce,"National Oceanic and Atmospheric Administration Operations, Research, and Facilities", HI,Department of Land and Natural Re-,Invasive Species in Pearl Harbor,"$400,000.00 ",Hirono, Schatz
Department of Commerce,"National Oceanic and Atmospheric Administration Operations, Research, and Facilities", AL,The University of South Alabama,Severe Weather Prediction Enhancement,"$2,000,000.00 ",Britt,
Department of Commerce,"National Oceanic and Atmospheric Administration Operations, Research, and Facilities", MD,University of Maryland Center for En-,Chesapeake Global Collaboratory,"$1,000,000.00 ",Alsobrooks, Van Hollen
Department of Commerce,"National Oceanic and Atmospheric Administration Operations, Research, and Facilities", AL,Alabama Port Authority,Study of Sediment Management in Mobile Harbor,"$500,000.00 ",Britt, Tuberville
Department of Commerce,"National Oceanic and Atmospheric Administration Operations, Research, and Facilities", MD,The National Aquarium,Animal Rescue Program,"$725,000.00 ",Alsobrooks, Van Hollen
Department of Commerce,"National Oceanic and Atmospheric Administration Operations, Research, and Facilities", WA,Maritime Blue,Real-time Southern resident orca hydrophone location,"$482,000.00 ",Cantwell,
Department of Commerce,"National Oceanic and Atmospheric Administration Operations, Research, and Facilities", MD,Maryland Department of Natural Re-,Blue Catfish (Invasive Species) Mitigation,"$2,000,000.00 ",Alsobrooks, Van Hollen
Department of Commerce,"National Oceanic and Atmospheric Administration Operations, Research, and Facilities", AL,Alabama Wildlife Federation,Oyster Reef Restoration in Mobile Bay,"$1,000,000.00 ",Britt,
Department of Commerce,"National Oceanic and Atmospheric Administration Operations, Research, and Facilities", WA,Metropolitan Park District of Tacoma,Titlow Lagoon Restoration,"$1,000,000.00 ",Cantwell,
Department of Commerce,"National Oceanic and Atmospheric Administration Operations, Research, and Facilities", ME,The Bluefin Collaborative,Bluefin Tuna Research,"$129,000.00 ",Collins,
Department of Commerce,"National Oceanic and Atmospheric Administration Operations, Research, and Facilities", MD,Anacostia Watershed Society,Watershed Research Equipment,"$250,000.00 ",Alsobrooks, Van Hollen
Department of Commerce,"National Oceanic and Atmospheric Administration Operations, Research, and Facilities", ME,University of Maine,American Lobster Settlement Index Expansion,"$1,000,000.00 ",Collins, King
Department of Commerce,"National Oceanic and Atmospheric Administration Operations, Research, and Facilities", MD,"University of Maryland, Baltimore",UMBC Laboratory for Flood Risk Impact Assessment and,"$1,000,000.00 ",Alsobrooks,
Department of Commerce,"National Oceanic and Atmospheric Administration Operations, Research, and Facilities", ME,University of Maine,Gulf of Maine Ocean Observation System,"$5,000,000.00 ",Collins, King
Department of Commerce,"National Oceanic and Atmospheric Administration Operations, Research, and Facilities", NY,"Fund for the City of New York, Inc. .",Freshkills Biological Station—Research Station,"$979,000.00 ",Gillibrand,
Department of Commerce,"National Oceanic and Atmospheric Administration Operations, Research, and Facilities", SC,SC Department of Natural Resources,The South Carolina Department of Natural Resources,"$825,000.00 ",Graham,
Department of Commerce,"National Oceanic and Atmospheric Administration Operations, Research, and Facilities", SC,South Carolina Aquarium,South Carolina Aquarium,"$441,000.00 ",Graham,
Department of Commerce,"National Oceanic and Atmospheric Administration Operations, Research, and Facilities", MD,"EarthReports, Inc. dba Patuxent",Pollution-Monitoring Project and Equipment,"$1,057,000.00 ",Alsobrooks, Van Hollen
Department of Commerce,"National Oceanic and Atmospheric Administration Operations, Research, and Facilities", CT,Inter District Committee for Project,Equipment Purchase for Marine Science Education,"$765,000.00 ",Blumenthal, Murphy
Department of Commerce,National Institutes of Standards and Technology Science and Technical Research Services Construction, WA,Washington State University,Scientific Research Center,"$50,000,000.00 ",Murray,
Department of Commerce,National Institutes of Standards and Technology Science and Technical Research Services Construction, MD,Maryland Institute College of Art,Bio-Design Innovation Hub,"$897,000.00 ",Van Hollen,
Department of Commerce,National Institutes of Standards and Technology Science and Technical Research Services Construction, NH,New Hampshire Fish and Game De-,Great Bay National Estuarine Research Reserve: Research,"$5,000,000.00 ",Shaheen,
Department of Commerce,"National Oceanic and Atmospheric Administration Operations, Research, and Facilities", RI,University of Rhode Island,URI Ocean Research,"$1,250,000.00 ",Reed, Whitehouse
Department of Commerce,"National Oceanic and Atmospheric Administration Operations, Research, and Facilities", RI,Salve Regina University,"Salve Education, Engagement, & Aquaculture","$1,200,000.00 ",Reed,
Department of Commerce,"National Oceanic and Atmospheric Administration Operations, Research, and Facilities", MI,Great Lakes Commission,Great Lakes Regional Coordination,"$1,500,000.00 ",Peters,
Department of Commerce,"National Oceanic and Atmospheric Administration Operations, Research, and Facilities", WA,The SeaDoc Society,Integrated Solutions for Killer Whale Recovery,"$850,000.00 ",Murray,
Department of Commerce,"National Oceanic and Atmospheric Administration Operations, Research, and Facilities", WA,American Rivers,Growing a Flood Resilient Washington State,"$1,650,000.00 ",Murray,
Department of Commerce,"National Oceanic and Atmospheric Administration Operations, Research, and Facilities", AK,University of Alaska Fairbanks,Improving Salmon Counting with Drone Maritime Lidar,"$1,500,000.00 ",Murkowski,
Department of Commerce,"National Oceanic and Atmospheric Administration Operations, Research, and Facilities", AK,Sealaska Heritage Institute,Marine Workforce Programs for Alaska Youth,"$500,000.00 ",Murkowski,
Department of Commerce,"National Oceanic and Atmospheric Administration Operations, Research, and Facilities", AK,Prince William Sound Science Center,PWSSC Oceanography Profiler,"$355,000.00 ",Murkowski,
Department of Commerce,"National Oceanic and Atmospheric Administration Operations, Research, and Facilities", AK,North Pacific Research Board,Northern Bering Sea Integrated Ecosystem Research Pro-gram.,"$2,500,000.00 ",Murkowski,
Department of Commerce,"National Oceanic and Atmospheric Administration Operations, Research, and Facilities", AK,Bristol Bay Science and Research In-stitute.,"Use of In-season Genetic Analysis to Reduce Bycatch of
Western Alaska Chum Salmon in the Pollock Fishery.","$3,500,000.00 ",Murkowski,
Department of Commerce,"National Oceanic and Atmospheric Administration Operations, Research, and Facilities", HI,"Department of Land and Natural Re-sources, Division of Aquatic Re-sources.",Wailoa Aquaculture Facility,"$775,000.00 ",Hirono, Schatz
Department of Commerce,"National Oceanic and Atmospheric Administration Operations, Research, and Facilities", AK,Bering Sea Fishermen’s Association,Capacity Building to Support Cooperating Agency Status,"$500,000.00 ",Murkowski,
Department of Commerce,"National Oceanic and Atmospheric Administration Operations, Research, and Facilities", AK,Alaska Ocean Observing System,"Deploying Imaging Flow Cytobots for the Detection of
Harmful Algal Blooms in Coastal Alaska.","$165,000.00 ",Murkowski,
Department of Commerce,"National Oceanic and Atmospheric Administration Operations, Research, and Facilities", AK,Alaska Fisheries Development Foun-dation.,Alaska Seafood Modernization Initiative,"$2,000,000.00 ",Murkowski,
Department of Commerce,"National Oceanic and Atmospheric Administration Operations, Research, and Facilities", MA,Coonamessett Farm Foundation,"Fishing for the Future: Developing Resilient Fisheries for
Massachusetts.","$1,875,000.00 ",Markey, Warren
Department of Commerce,"National Oceanic and Atmospheric Administration Operations, Research, and Facilities", MA,Charles River Watershed Association,Resilience in the Charles River Watershed,"$500,000.00 ",Markey, Warren
Department of Commerce,"National Oceanic and Atmospheric Administration Operations, Research, and Facilities", MA,American Association of State Cli-matologists.,Massachusetts Office of Climate Science NOAA Pilot,"$375,000.00 ",Markey, Warren
Department of Commerce,"National Oceanic and Atmospheric Administration Operations, Research, and Facilities", VA,"Middle Peninsula Planning District
Commission.",Coastal Virginia Water-Level Monitoring Program,"$802,000.00 ",Kaine, Warner
Department of Commerce,"National Oceanic and Atmospheric Administration Operations, Research, and Facilities", MS,University of Southern Mississippi,Geospatial Science for Disaster and Emergency Manage-ment (GeoDEM).,"$1,426,000.00 ",Hyde-Smith, Wicker
Department of Commerce,"National Oceanic and Atmospheric Administration Operations, Research, and Facilities", MS,"Mississippi Wildlife Fisheries Parks
Marine Foundation.",Mississippi Oyster Restoration and Workforce Program,"$1,000,000.00 ",Hyde-Smith, Wicker
Department of Commerce,"National Oceanic and Atmospheric Administration Operations, Research, and Facilities", HI,Hawaii Department of Agriculture,Restorative Aquaculture Feasibility Study,"$500,000.00 ",Hirono, Schatz
Department of Commerce,"National Oceanic and Atmospheric Administration Operations, Research, and Facilities", HI,"Department of Land and Natural Re-sources, Division of Aquatic Re-sources.",Kauai Coral Recovery Project,"$500,000.00 ",Hirono, Schatz
Department of Commerce,"National Oceanic and Atmospheric Administration Operations, Research, and Facilities", RI,University of Rhode Island,URI Healthy Waters Initiative,"$1,614,000.00 ",Reed, Whitehouse
Department of Commerce,"National Oceanic and Atmospheric Administration Operations, Research, and Facilities", SD,South Dakota State University,Operational,"$343,000.00 ",Rounds,
Department of Commerce,"National Oceanic and Atmospheric Administration Operations, Research, and Facilities", HI,Pacific Islands Fisheries Science Cen-,Western Pacific Observer Coverage,"$1,500,000.00 ",Schatz,
Department of Commerce,"National Oceanic and Atmospheric Administration Operations, Research, and Facilities", MT,The University of Montana—Montana,Montana Regional Incubator in Drought Resiliency,"$750,000.00 ",Sheehy,
Department of Commerce,"National Oceanic and Atmospheric Administration Operations, Research, and Facilities", VT,Lamoille County Regional Planning,Streamgages,"$664,000.00 ",Welch,
Department of Commerce,"National Oceanic and Atmospheric Administration Operations, Research, and Facilities", HI,Pacific Tsunami Museum,Tsunami Outreach and Education,"$400,000.00 ",Schatz,
Department of Commerce,"National Oceanic and Atmospheric Administration Operations, Research, and Facilities", VT,American Association of State Cli-,State Drought Plan and Flood Data Gathering,"$375,000.00 ",Welch,
Department of Commerce,"National Oceanic and Atmospheric Administration Operations, Research, and Facilities", MD,"University of Maryland, Baltimore",Center for Precision Aquaculture,"$1,500,000.00 ",Van Hollen,
Department of Commerce,"National Oceanic and Atmospheric Administration Operations, Research, and Facilities", HI,University of Hawaii,Pacific Islands Ocean and Fisheries Education Needs As-,"$680,000.00 ",Schatz,
Department of Commerce,"National Oceanic and Atmospheric Administration Operations, Research, and Facilities",MS,Mississippi Commercial Fisheries,Marine Debris Removal,"$300,000.00 ",Wicker,
Department of Commerce,"National Oceanic and Atmospheric Administration Operations, Research, and Facilities", NY,New York Botanical Garden,Nature Your City Project,"$500,000.00 ",Schumer,
Department of Justice,OJP Byrne, WI,Sojourner Family Peace Center,Community Domestic Abuse Advocacy Program,"$469,000.00 ",Baldwin,
Department of Justice,OJP Byrne, WI,Disability Rights Wisconsin,Victim Advocacy Program,"$564,000.00 ",Baldwin,
Department of Justice,OJP Byrne, WI,Children’s Hospital and Health Sys-,Child Advocacy Centers Services,"$730,000.00 ",Baldwin,
Department of Justice,OJP Byrne, MD,Town of Bladensburg,Gun Violence and Juvenile Diversion Program,"$450,000.00 ",Alsobrooks,
Department of Justice,OJP Byrne, MD,Montgomery County Sheriff’s Office,Montgomery County Sheriff’s Office Gun Violence Preven-,"$70,000.00 ",Alsobrooks,
Department of Justice,OJP Byrne, MD,Montgomery County Police,Real Time Intelligence Center,"$2,100,000.00 ",Alsobrooks,
Department of Justice,OJP Byrne, MD,"Center for Hope, Inc. .",Expansion of Trauma and Victim Services,"$800,000.00 ",Alsobrooks,
Department of Justice,OJP Byrne, MD,Associated Catholic Charities Inc. .,Behavioral Health Services for Community Violence Inter-,"$431,000.00 ",Alsobrooks,
Department of Justice,OJP Byrne, MD,"Anne Arundel County, Maryland",Gun Violence Intervention,"$1,000,000.00 ",Alsobrooks,
Department of Justice,OJP Byrne, CO,Jefferson County Sheriff’s Office,In-Custody Biometrics Monitoring,"$570,000.00 ",Bennet,
Department of Justice,OJP Byrne, MD,"The University of Maryland, College",SAFE Center,"$700,000.00 ",Alsobrooks,
Department of Justice,OJP Byrne, CO,Adams State University,Incident Management Communications System,"$523,000.00 ",Bennet, Hickenlooper
Department of Justice,OJP Byrne, CO,"Alliance to Lead Impact in Global
Human Trafficking (ALIGHT).",Rural Human Trafficking Survivor Support,"$200,000.00 ",Bennet, Hickenlooper
Department of Justice,OJP Byrne, AL,City of Montevallo,Law Enforcement Public Safety Equipment Upgrades,"$128,000.00 ",Britt,
Department of Justice,OJP Byrne, AL,City of Luverne Police Department,Law Enforcement Public Safety Equipment Upgrades,"$200,000.00 ",Britt,
Department of Justice,OJP Byrne, AL,City of Dothan,Law Enforcement Public Safety Equipment Upgrades,"$1,007,000.00 ",Britt,
Department of Justice,OJP Byrne, AL,Bullock County Sheriff’s Department,Law Enforcement Public Safety Equipment Upgrades,"$300,000.00 ",Britt,
Department of Justice,OJP Byrne, AL,Baldwin County Sheriff’s Office,Law Enforcement Patrol/Rescue Boat,"$396,000.00 ",Britt,
Department of Justice,OJP Byrne,AL,Alabama Department of Forensic,Law Enforcement Investigations Enhancement,"$750,000.00 ",Britt,
Department of Justice,OJP Byrne, AL,Alabama A&M University,Campus Safety Improvements,"$250,000.00 ",Britt,
Department of Justice,OJP Byrne, AL,25th Judicial Circuit District Attor-ney’s Office.,Law Enforcement Public Safety Equipment Upgrades,"$155,000.00 ",Britt,
Department of Justice,OJP Byrne, AR,University of Arkansas at Little Rock,Veterans Legal Services Clinic,"$750,000.00 ",Boozman,
Department of Justice,OJP Byrne, NJ,Borough of East Rutherford,Communications Equipment Project,"$150,000.00 ",Booker, Kim
Department of Justice,OJP Byrne, NJ,New Jersey State Police,Firearms Investigation Unit Capacity Expansion,"$200,000.00 ",Booker,
Department of Justice,OJP Byrne, NJ,Essex County School of Technology,District-Wide Security Camera Upgrades,"$750,000.00 ",Booker,
Department of Justice,OJP Byrne, AL,Lamar County Sheriff’s Office,Law Enforcement Public Safety Equipment Upgrades,"$250,000.00 ",Britt,
Department of Justice,OJP Byrne, NJ,City Of Jersey City,Peaceful Families Program,"$800,000.00 ",Booker,
Department of Justice,OJP Byrne, DE,Delaware Division of Forensic Science,Forensic Science Equipment,"$700,000.00 ",Blunt Rochester,
Department of Justice,OJP Byrne, DE,Wilmington HOPE Commission,Statewide Reentry Program,"$800,000.00 ",Blunt Rochester,
Department of Justice,OJP Byrne, DE,La Red Health Center,Rural Reentry Health Initiative,"$1,000,000.00 ",Blunt Rochester,
Department of Justice,OJP Byrne,CT,"Youth Advocate Programs, Inc. .",Youth Violence Prevention,"$1,500,000.00 ",Blumenthal, Murphy
Department of Justice,OJP Byrne, CT,University of New Haven,Law Enforcement Training Center,"$1,500,000.00 ",Blumenthal, Murphy
Department of Justice,OJP Byrne, CT,"Second Chance Re-entry Initiative
Program (SCRIP).",Second Chance Re-Entry Initiative,"$250,000.00 ",Blumenthal, Murphy
Department of Justice,OJP Byrne, CT,"Saint Francis Hospital and Medical
Center.",Victim service staffing needs,"$1,500,000.00 ",Blumenthal, Murphy
Department of Justice,OJP Byrne, CT,Police Activity League of Waterbury,Community Enrichment Initiatives,"$30,000.00 ",Blumenthal, Murphy
Department of Justice,OJP Byrne, CT,Havenly,Domestic Violence Survivor Services Program,"$148,000.00 ",Blumenthal, Murphy
Department of Justice,OJP Byrne, CT,Bullard-Havens Technical High School,Mass Casualty Training Platform,"$300,000.00 ",Blumenthal, Murphy
Department of Justice,OJP Byrne, CO,YouthZone,Youth Diversion and Case Management Services,"$115,000.00 ",Bennet, Hickenlooper
Department of Justice,OJP Byrne, CO,Town of Mancos,Montezuma County Community Intervention Program,"$600,000.00 ",Bennet, Hickenlooper
Department of Justice,OJP Byrne, CO,"Colorado Youth Advocate Programs,
Inc..",Youth Violence Prevention,"$450,000.00 ",Bennet, Hickenlooper
Department of Justice,OJP Byrne, DE,Delaware State University,Public Safety Improvements,"$1,200,000.00 ",Blunt Rochester,
Department of Justice,OJP Byrne, AL,Level Plains Police Department,Law Enforcement Public Safety Equipment Upgrades,"$175,000.00 ",Britt,
Department of Justice,OJP Byrne, WV,Marshall University,Forensic Genomic Institute,"$2,500,000.00 ",Capito, Justice
Department of Justice,OJP Byrne, WV,University of Charleston,WV Corrections Leadership Training,"$1,922,000.00 ",Capito, Justice
Department of Justice,OJP Byrne, WV,West Liberty University,West Liberty University Campus Police Upgrades,"$463,000.00 ",Capito, Justice
Department of Justice,OJP Byrne, LA,East Baton Rouge District Attorney’s,East Baton Rouge Crime Gun Intelligence Center Program,"$1,250,000.00 ",Cassidy,
Department of Justice,OJP Byrne, LA,Grant Parish Sheriff’s Office,Grant Parish Law Enforcement Service Upgrades,"$300,000.00 ",Cassidy,
Department of Justice,OJP Byrne, LA,Tensas Parish Police Jury,Tensas Parish Police Department Security Equipment Up-,"$250,000.00 ",Cassidy,
Department of Justice,OJP Byrne,LA,Jefferson Parish Coroner’s Office,Advanced Forensic Center Equipment Project,"$1,395,000.00 ",Cassidy, Kennedy
Department of Justice,OJP Byrne, LA,22nd Judicial District Court Specialty,22nd Judicial District Comprehensive Mental Health and,"$500,000.00 ",Cassidy,
Department of Justice,OJP Byrne, WV,Jefferson County Commission,Public Safety Equipment,"$120,000.00 ",Capito, Justice
Department of Justice,OJP Byrne, WV,Wyoming County Emergency Services/,Next Generation 911 Center and Training Facility,"$487,000.00 ",Capito,
Department of Justice,OJP Byrne, WV,Fairmont State University,Fairmont State Campus Police Resource Upgrades,"$643,000.00 ",Capito, Justice
Department of Justice,OJP Byrne, WV,Hancock County Commission,Public Safety Radio Acquisition and Deployment Initiative,"$600,000.00 ",Capito,
Department of Justice,OJP Byrne, WV,Hancock County Commission,Law Enforcement Vehicle Upgrade,"$374,000.00 ",Capito,
Department of Justice,OJP Byrne, WV,City of Wheeling Police Department,Police Department Neighborhood Resource Units,"$250,000.00 ",Capito,
Department of Justice,OJP Byrne, WV,City of Ripley Police Department,Police Department Equipment & Technology Upgrade,"$340,000.00 ",Capito,
Department of Justice,OJP Byrne, WV,City of Milton Police Department,Police Department Equipment & Technology Upgrade,"$628,000.00 ",Capito,
Department of Justice,OJP Byrne, WV,City of Kenova Police Department,Police Department Vehicle & Equipment Upgrade Project,"$287,000.00 ",Capito,
Department of Justice,OJP Byrne, WV,City of Hurricane Police Department,Police Department Technology & Equipment Upgrade,"$503,000.00 ",Capito,
Department of Justice,OJP Byrne, WV,City of Hurricane Police Department,Police Department Equipment Upgrade Project,"$210,000.00 ",Capito,
Department of Justice,OJP Byrne, WV,Calhoun County Commission,Sheriff Fleet Upgrade,"$140,000.00 ",Capito,
Department of Justice,OJP Byrne, WV,Barbour County OEM/911,First Responder Radio Upgrades,"$1,002,000.00 ",Capito,
Department of Justice,OJP Byrne, WA,City of Spokane,Spokane Mobile Alternative Response Teams,"$1,250,000.00 ",Cantwell, Murray
Department of Justice,OJP Byrne, AL,Pickens County Sheriff’s Office,Law Enforcement Public Safety Equipment Upgrades,"$135,000.00 ",Britt,
Department of Justice,OJP Byrne, WV,Harrison County Commission,Law Enforcement Equipment,"$263,000.00 ",Capito, Justice
Department of Justice,OJP Byrne,AL,"Office of District Attorney, 19th Cir-",Law Enforcement Public Safety Equipment Upgrades,"$45,000.00 ",Britt,
Department of Justice,OJP Byrne, ME,County of Hancock,Hancock County Public Safety Equipment,"$2,300,000.00 ",Collins,
Department of Justice,OJP Byrne, PA,Borough of Dunmore,"Schools.
Dunmore Police Department Upgrades","$288,000.00 ",Fetterman,
Department of Justice,OJP Byrne, PA,Big Brothers Big Sisters of Greater,Big Brothers Big Sisters of Greater Pittsburgh Youth Men-,"$500,000.00 ",Fetterman,
Department of Justice,OJP Byrne, IL,Village of Oak Park,Equipment Upgrades,"$185,000.00 ",Durbin,
Department of Justice,OJP Byrne, IL,University of Chicago Crime Lab,Police and Community Violence Intervention Initiative,"$600,000.00 ",Durbin,
Department of Justice,OJP Byrne, IL,"SING–Shifting Into New Gear Reentry
Program.",Reentry Initiative,"$300,000.00 ",Durbin,
Department of Justice,OJP Byrne, IL,Save One Life Foundation,Youth Mentoring Initiative,"$250,000.00 ",Durbin,
Department of Justice,OJP Byrne, IL,Safer Foundation,Reentry Initiative,"$650,000.00 ",Durbin,
Department of Justice,OJP Byrne, IL,Rush University System for Health,Violent Crime Data Sharing Initiative,"$1,665,000.00 ",Durbin,
Department of Justice,OJP Byrne, IL,Kane County Coroner’s Office,Equipment Upgrades,"$1,000,000.00 ",Durbin,
Department of Justice,OJP Byrne, IL,City of Freeport,Technology Upgrades,"$600,000.00 ",Durbin,
Department of Justice,OJP Byrne, IL,"City of Chicago, Chicago Police De-partment.",Equipment Upgrades,"$500,000.00 ",Durbin,
Department of Justice,OJP Byrne, IL,"Youth Advocate Programs, Inc. .",Violence Prevention Initiative,"$1,500,000.00 ",Duckworth, Durbin
Department of Justice,OJP Byrne, IL,City of Aurora,Crisis Intervention Initiative,"$128,000.00 ",Duckworth, Durbin
Department of Justice,OJP Byrne, PA,City of Nanticoke,City of Nanticoke Police SUV’s and Body and Car Cameras,"$298,000.00 ",Fetterman,
Department of Justice,OJP Byrne, IL,Urbana School District 116,A Community School Project—A Partnership for Commu-nity Success to Decrease Community Violence.,"$336,000.00 ",Duckworth,
Department of Justice,OJP Byrne, UT,Summit County,Behavioral Health Unit in the Summit County Jail,"$2,750,000.00 ",Curtis,
Department of Justice,OJP Byrne, UT,Ogden City Corporation,"Community Guardian: Regional Response Initiative Phase
2.","$1,300,000.00 ",Curtis,
Department of Justice,OJP Byrne, DE,Town of Viola,Police Patrol Vehicle,"$75,000.00 ",Coons,
Department of Justice,OJP Byrne, DE,Town of Dewey Beach,Police Equipment and Technology,"$443,000.00 ",Coons,
Department of Justice,OJP Byrne, DE,Partners for Justice,Public Defense Program Expansion,"$197,000.00 ",Coons,
Department of Justice,OJP Byrne, DE,Delaware Department of Correction,Safety Improvements at Correctional Centers,"$350,000.00 ",Coons,
Department of Justice,OJP Byrne, DE,"Community Legal Aid Society Inc., of
Delaware.",Improvement of Legal Aid Services,"$400,000.00 ",Coons,
Department of Justice,OJP Byrne, DE,City of Milford Police Department,Public Safety Emergency Rescue Vehicle,"$435,000.00 ",Coons,
Department of Justice,OJP Byrne, ME,Waldo County Sheriff’s Office,Waldo County Sheriff’s Office Public Safety Equipment,"$688,000.00 ",Collins, King
Department of Justice,OJP Byrne, ME,Wells Police Department,Wells Police Department Emergency Response Vessel,"$599,000.00 ",Collins,
Department of Justice,OJP Byrne, ME,Somerset County Sheriff’s Office,Somerset County Sheriff’s Office Public Safety Equipment,"$294,000.00 ",Collins,
Department of Justice,OJP Byrne, ME,Rumford Police Department,Rumford Police Department Public Safety Equipment,"$1,000,000.00 ",Collins,
Department of Justice,OJP Byrne, ME,Lewiston Police Department,Lewiston Police Department Public Safety Equipment,"$2,170,000.00 ",Collins,
Department of Justice,OJP Byrne, ME,Farmington Police Department,Farmington Police Department Public Safety Equipment,"$240,000.00 ",Collins,
Department of Justice,OJP Byrne, IL,Defy Ventures,Defy Ventures Programming Support,"$271,000.00 ",Duckworth,
Department of Justice,OJP Byrne, PA,Middleburg Borough Police Depart-,Body-Worn Camera & Dash-Cam Technology Upgrades,"$120,000.00 ",Fetterman,
Department of Justice,OJP Byrne, PA,The Exodus Road,Combatting Youth Exploitation Online Initiative,"$350,000.00 ",Fetterman,
Department of Justice,OJP Byrne, NM,Bernalillo County Sheriff’s Office,Forensic and Crime Scene Reconstruction Equipment,"$1,050,000.00 ",Heinrich,
Department of Justice,OJP Byrne, NM,City of Farmington,Crime Forensic Equipment,"$629,000.00 ",Heinrich,
Department of Justice,OJP Byrne, NM,City of Las Cruces,Evidence Processing Lab,"$1,000,000.00 ",Heinrich,
Department of Justice,OJP Byrne, NM,Eastern New Mexico University,Campus Lighting and Safety,"$533,000.00 ",Heinrich,
Department of Justice,OJP Byrne, NM,New Mexico Coalition of Sexual As-,Sexual Assault Helpline and Workforce Trauma Institute,"$1,668,000.00 ",Heinrich,
Department of Justice,OJP Byrne, NM,New Mexicans to Prevent Gun Vio-,Youth Violence Prevention Programs,"$350,000.00 ",Heinrich,
Department of Justice,OJP Byrne, NM,"University of New Mexico, Office of",DNA Processing Laboratory,"$1,000,000.00 ",Heinrich,Lujan
Department of Justice,OJP Byrne, MS,City of Corinth Police Department,Vehicle Fleet Expansion,"$483,000.00 ",Hyde-Smith,
Department of Justice,OJP Byrne, MS,"Institute for Marine Mammal Studies,",Cybersecurity Equipment and Data Management Upgrade,"$500,000.00 ",Hyde-Smith,
Department of Justice,OJP Byrne, NM,Gallup Police Department,Crime Scene Reconstruction Equipment,"$115,000.00 ",Heinrich,
Department of Justice,OJP Byrne, NM,Albuquerque Police Department,Forensic Laboratory and Crime Scene Processing Equip-,"$908,000.00 ",Heinrich,
Department of Justice,OJP Byrne, SC,Town of Lexington,Town of Lexington Police Department,"$203,000.00 ",Graham,
Department of Justice,OJP Byrne, SC,Town of Irmo,Irmo Public Safety Vehicles,"$396,000.00 ",Graham,
Department of Justice,OJP Byrne, SC,City of Chester,City of Chester Police Department Equipment,"$821,000.00 ",Graham,
Department of Justice,OJP Byrne, NY,"Safe Horizon, Inc..",Services to Survivors of Violence,"$500,000.00 ",Gillibrand, Schumer
Department of Justice,OJP Byrne, AZ,Town of Wellton Police Department,Town of Wellton Police Vehicles,"$324,000.00 ",Gallego, Kelly
Department of Justice,OJP Byrne, AZ,Safford Police Department,Mobile Command Center,"$250,000.00 ",Gallego, Kelly
Department of Justice,OJP Byrne, AZ,Pima County Sheriff’s Department,Training Facility Upgrades,"$1,400,000.00 ",Gallego, Kelly
Department of Justice,OJP Byrne, AZ,La Paz County Sheriff’s Office,SWAT Team Response Vehicle,"$579,000.00 ",Gallego, Kelly
Department of Justice,OJP Byrne, AZ,Coconino County Sheriff’s Office,Public Safety Communications,"$1,980,000.00 ",Gallego, Kelly
Department of Justice,OJP Byrne, AZ,City of Williams,Police Communications Infrastructure Upgrades,"$462,000.00 ",Gallego, Kelly
Department of Justice,OJP Byrne, AZ,City of Nogales—Nogales Police De-,Police Vehicles,"$481,000.00 ",Gallego, Kelly
Department of Justice,OJP Byrne, AZ,City of Douglas,Police Equipment,"$627,000.00 ",Gallego, Kelly
Department of Justice,OJP Byrne, NE,University of Nebraska Board of Re-,Child Trafficking Prevention Project,"$2,000,000.00 ",Fischer,
Department of Justice,OJP Byrne, NE,Lancaster County,Sheriff’s Office Equipment & Body-Worn Cameras,"$1,200,000.00 ",Fischer,
Department of Justice,OJP Byrne, NE,City of Omaha,Police Public Safety Equipment,"$1,000,000.00 ",Fischer,
Department of Justice,OJP Byrne, SC,Town of McBee,Town of McBee Policing Equipment and Technology,"$250,000.00 ",Graham,
Department of Justice,OJP Byrne, MS,Mississippi State University,Forensic Science Institute and Digital Forensics Lab,"$2,500,000.00 ",Hyde-Smith, Wicker
Department of Justice,OJP Byrne, KS,Big Brothers Big Sisters of Kansas,Youth Mentoring and Juvenile Delinquency Prevention,"$1,000,000.00 ",Moran,
Department of Justice,OJP Byrne, KS,Kansas Bureau of Investigation,Southeast Kansas Regional Crime Center and Laboratory,"$8,000,000.00 ",Moran,
Department of Justice,OJP Byrne, OH,City of Elyria,Radio Improvement Project,"$500,000.00 ",Moreno,
Department of Justice,OJP Byrne, AK,Alaska Native Women’s Resource,Training and Technical Assistance for Alaska Tribal Jus-,"$1,000,000.00 ",Murkowski,
Department of Justice,OJP Byrne, PA,City of Johnstown,Johnstown Police Department Crisis Intervention Team,"$250,000.00 ",McCormick,
Department of Justice,OJP Byrne, AK,Alaska Network on Domestic Violence,Serving Victims in Alaska,"$3,500,000.00 ",Murkowski,
Department of Justice,OJP Byrne, AK,City of Valdez,Emergency Services Infrastructure Replacement,"$5,500,000.00 ",Murkowski,
Department of Justice,OJP Byrne, AK,"State of Alaska, Department of Public",Next Generation 911 Physical Addressing,"$1,000,000.00 ",Murkowski,
Department of Justice,OJP Byrne, AK,Tanana Chiefs Conference,TCC Region Mobile Sexual Assault Response Team (SART),"$498,000.00 ",Murkowski,
Department of Justice,OJP Byrne, OH,Freedom a la Cart,Workforce Development for Survivors of Human Trafficking,"$400,000.00 ",Moreno,
Department of Justice,OJP Byrne, MS,Mississippi Youth Challenge Academy,Juvenile Delinquency Prevention Initiative,"$500,000.00 ",Hyde-Smith, Wicker
Department of Justice,OJP Byrne, KY,City of Madisonville,Cybercrime Training Facility Equipment,"$2,500,000.00 ",McConnell,
Department of Justice,OJP Byrne, KY,Warren County Fiscal Court,Law Enforcement Technology and Equipment,"$352,000.00 ",McConnell,
Department of Justice,OJP Byrne, MA,"Roca, Inc. .",Stopping Violence through Employment,"$1,664,000.00 ",Markey, Warren
Department of Justice,OJP Byrne, NM,San Juan County Partnership,San Juan County LEAD (Law Enforcement Assisted Diver-,"$250,000.00 ",Lujan,
Department of Justice,OJP Byrne, NM,Coalition to Stop Violence Against,Coalition to Stop Violence Against Native Women,"$93,000.00 ",Lujan,
Department of Justice,OJP Byrne, NM,City of Albuquerque,Expansion of School-Based Violence Initiative,"$1,035,000.00 ",Lujan,
Department of Justice,OJP Byrne, MN,Lake of the Woods County,Fast Response Boat for Search and Rescue,"$1,000,000.00 ",Klobuchar, Smith
Department of Justice,OJP Byrne, MN,Hennepin County Sheriff’s Office,"Focus on Fentanyl Education, Enforcement, Public Advo-","$610,000.00 ",Klobuchar, Smith
Department of Justice,OJP Byrne, LA,University of Louisiana Monroe,Drug Quality Control Laboratory,"$825,000.00 ",Kennedy,
Department of Justice,OJP Byrne, VA,Southside Virginia Community College,SVCC Rural Campus Safety Initiative,"$1,017,000.00 ",Kaine, Warner
Department of Justice,OJP Byrne, VA,George Mason University,Advancing Victim Services: Domestic Violence Response,"$1,027,000.00 ",Kaine, Warner
Department of Justice,OJP Byrne, VA,FailSafe-ERA,FailSafe-ERA Restorative Reentry,"$460,000.00 ",Kaine, Warner
Department of Justice,OJP Byrne, VA,Children’s Hospital of The King’s,Expanding Access to CHKD’s Child Advocacy Center Serv-,"$750,000.00 ",Kaine, Warner
Department of Justice,OJP Byrne, WV,Mercer County Commission,Police Vehicles and Equipment,"$350,000.00 ",Justice,
Department of Justice,OJP Byrne, MS,University of Mississippi,Training for Justice System Professionals,"$838,000.00 ",Hyde-Smith, Wicker
Department of Justice,OJP Byrne, PA,Allegheny County,Allegheny County Police and Fire Training Academy Public,"$1,000,000.00 ",McCormick,
Department of Justice,OJP Byrne, WA,King County Sexual Assault Resource,Services for Sexual Assault Survivors,"$1,750,000.00 ",Murray,
Department of Justice,OJP Byrne, MI,Oakland County Sheriff’s Office,Law Enforcement Safety Equipment,"$26,000.00 ",Peters,
Department of Justice,OJP Byrne, MI,Van Buren County,DNA Analysis Technology,"$576,000.00 ",Peters,
Department of Justice,OJP Byrne, RI,Building Futures,Building Futures: Reentry Pathways to Construction Ca-,"$300,000.00 ",Reed,
Department of Justice,OJP Byrne, GA,"CHRIS 180, Inc. .",Project Prevent School Violence,"$528,000.00 ",Ossoff,
Department of Justice,OJP Byrne, RI,Day One,Day One Expanding Child Sexual Abuse Prevention and,"$470,000.00 ",Reed,
Department of Justice,OJP Byrne, RI,Elizabeth Buffum Chace Center,Elizabeth Buffum Chace Center Program Support,"$660,000.00 ",Reed,
Department of Justice,OJP Byrne, RI,Johnson & Wales University,Johnson & Wales University Police Equipment,"$115,000.00 ",Reed,
Department of Justice,OJP Byrne, RI,Nonviolence Institute,Nonviolent Intervention Services,"$260,000.00 ",Reed,
Department of Justice,OJP Byrne, RI,Office of the Rhode Island Attorney,Handle with Care RI,"$125,000.00 ",Reed,
Department of Justice,OJP Byrne, MI,Oakland County,CLEMIS Modernization and Transformation Project,"$1,000,000.00 ",Peters,
Department of Justice,OJP Byrne, MI,County of Houghton,Patrol Vehicles Replacement for an Aging Fleet,"$385,000.00 ",Peters,
Department of Justice,OJP Byrne, GA,Spelman College,Campus Security Improvements,"$272,000.00 ",Ossoff, Warnock
Department of Justice,OJP Byrne, MI,City of Warren Police Department,Officer Safety Equipment,"$38,000.00 ",Peters,
Department of Justice,OJP Byrne, MI,City of Kalamazoo,Kalamazoo Department of Public Safety Patrol Vehicles,"$490,000.00 ",Peters,
Department of Justice,OJP Byrne, CA,City of Alameda,Crime Victims Initiative,"$900,000.00 ",Padilla, Schiff
Department of Justice,OJP Byrne, GA,Southwest Georgia Children’s Alli-,Community-Based Crime Victim Services,"$739,000.00 ",Ossoff, Warnock
Department of Justice,OJP Byrne, GA,City of Fayetteville,Opioid Detection System,"$92,000.00 ",Ossoff, Warnock
Department of Justice,OJP Byrne, GA,Behavioral Health Services of South,Mental Health Crisis Co-Responder Program,"$211,000.00 ",Ossoff, Warnock
Department of Justice,OJP Byrne, GA,"Women’s Moving On, Inc. d/b/a Wom-",Services for Domestic Violence Survivors,"$372,000.00 ",Ossoff,
Department of Justice,OJP Byrne, GA,"The Extension, Inc..",Pre-Release Treatment for Substance Abuse,"$787,000.00 ",Ossoff,
Department of Justice,OJP Byrne, GA,"Satilla Health Foundation, Inc., d/b/a",Forensic Interview Equipment,"$92,000.00 ",Ossoff,
Department of Justice,OJP Byrne, GA,"SafePath Children’s Advocacy Center,",Technology Investments,"$100,000.00 ",Ossoff,
Department of Justice,OJP Byrne, GA,"LiveSafe Resources, Inc. .",Technology Upgrades for Services to Survivors,"$116,000.00 ",Ossoff,
Department of Justice,OJP Byrne, GA,Fulton County Medical Examiner,Unidentified and Missing Persons Forensic Genetic Gene-,"$362,000.00 ",Ossoff,
Department of Justice,OJP Byrne, MI,City of Westland,Westland Police Technology Update,"$100,000.00 ",Peters,
Department of Justice,OJP Byrne, RI,West Warwick Police Department,West Warwick Cruiser Replacement,"$100,000.00 ",Reed,
Department of Justice,OJP Byrne, RI,Women’s Resource Center,"Women’s Resource Center Services for Victims of Domestic
Violence.","$1,000,000.00 ",Reed,
Department of Justice,OJP Byrne, VT,Vermont Legal Aid,Justice Mobile,"$1,999,000.00 ",Sanders,
Department of Justice,OJP Byrne, HI,Chaminade University of Honolulu,Chaminade University Justice Institute,"$1,000,000.00 ",Schatz,
Department of Justice,OJP Byrne, HI,Honolulu Police Department,Records Division Digitization Project,"$520,000.00 ",Schatz,
Department of Justice,OJP Byrne, CA,San Francisco Police Department,"San Francisco Police Department—Crime Lab and Rapid
DNA Unit.","$550,000.00 ",Schiff,
Department of Justice,OJP Byrne, NH,City of Portsmouth,ICACCOPS & NH ICAC Enhanced Capacity Program,"$1,000,000.00 ",Shaheen,
Department of Justice,OJP Byrne, NH,Newmarket Police Department,Dispatch and LMR Upgrade,"$353,000.00 ",Shaheen,
Department of Justice,OJP Byrne, NH,Newport Police Department,Newport Police Department Records/Dispatch Software,"$132,000.00 ",Shaheen,
Department of Justice,OJP Byrne, MT,Montana State University,Gallatin College Law Enforcement Academy,"$320,000.00 ",Sheehy,
Department of Justice,OJP Byrne, MI,Roscommon County,Children’s Advocacy Center Building Campaign,"$1,000,000.00 ",Slotkin,
Department of Justice,OJP Byrne, MI,Wayne County Sheriff’s Office,Body Worn Camera Program,"$700,000.00 ",Slotkin,
Department of Justice,OJP Byrne, NC,Town of Mayodan,Public Safety Communication Upgrades,"$342,000.00 ",Tillis,
Department of Justice,OJP Byrne, NC,Transylvania County,Emergency Communication Technology and Equipment,"$800,000.00 ",Tillis,
Department of Justice,OJP Byrne, AL,Wilcox County Sheriff’s Office,"Funding for Patrol Vehicles to Support Law Enforcement in
Wilcox County.","$250,000.00 ",Tuberville,
Department of Justice,OJP Byrne, MD,"Boys & Girls Clubs of Metropolitan
Baltimore.",Statewide Program Expansion and Crime Prevention Initia-tive.,"$2,000,000.00 ",Van Hollen,
Department of Justice,OJP Byrne, MD,City of Baltimore,Group Violence Reduction Strategy Expansion,"$1,184,000.00 ",Van Hollen,
Department of Justice,OJP Byrne, MD,Office of the States Attorney for Bal-timore City.,Office Technology Modernization and Cybersecurity En-hancements.,"$775,000.00 ",Van Hollen,
Department of Justice,OJP Byrne, MD,"Prince George’s County Boys & Girls
Club.",Countywide Program Expansion and Crime Prevention Ini-tiative.,"$1,000,000.00 ",Van Hollen,
Department of Justice,OJP Byrne, MD,"Youth Advocate Programs, Inc. .",Youth Violence Prevention Project,"$450,000.00 ",Van Hollen,
Department of Justice,OJP Byrne, MD,"YWCA of Annapolis and Anne Arundel
County.",Rapid Rehousing & Abuser Intervention for Victims of Do-mestic Violence.,"$697,000.00 ",Van Hollen,
Department of Justice,OJP Byrne, GA,Columbia County Board of Commis-sioners.,Family Violence Services and Support Unit,"$325,000.00 ",Warnock,
Department of Justice,OJP Byrne,GA,"Tharros Place, Inc. .",Residential Housing for Human Trafficking Survivors,"$357,000.00 ",Warnock,
Department of Justice,OJP Byrne, VT,Vermont Department of Corrections,Peer Recovery Coaches in Correctional Facilities,"$1,187,000.00 ",Welch,
Department of Justice,OJP Byrne, RI,Town of North Providence,Patrol Vehicle,"$62,000.00 ",Whitehouse,
Department of Justice,OJP Byrne, RI,Town of Scituate Police Department,Police Equipment & Patrol Vehicles,"$449,000.00 ",Whitehouse,
Department of Justice,COPS Tech, MD,St. Mary’s County Sheriff’s Office,SMCSO Mobile Command Vehicle,"$800,000.00 ",Alsobrooks,
Department of Justice,COPS Tech, MD,Charles County Sheriff’s Office,Digital Forensics Unit Upgrades,"$533,000.00 ",Alsobrooks,
Department of Justice,COPS Tech, MD,"Montgomery County, Maryland Police
Department.",Enhancing Crime Lab Forensic Capabilities,"$1,192,000.00 ",Alsobrooks,
Department of Justice,COPS Tech, AL,Cleburne County Sheriff’s Department,Law Enforcement Public Safety Equipment Upgrades,"$435,000.00 ",Britt,
Department of Justice,COPS Tech, AL,City of Roanoke,Law Enforcement Public Safety Equipment Upgrades,"$100,000.00 ",Britt,
Department of Justice,COPS Tech, AL,City of Phenix City,Law Enforcement Public Safety Equipment Upgrades,"$350,000.00 ",Britt,
Department of Justice,COPS Tech, AL,City of Enterprise,Law Enforcement Public Safety Equipment Upgrades,"$500,000.00 ",Britt,
Department of Justice,COPS Tech, AL,Jacksonville Police Department,Law Enforcement Public Safety Equipment Upgrades,"$287,000.00 ",Britt,
Department of Justice,COPS Tech, AL,City of Decatur,Mobile Command/Response Vehicle and Public Safety,"$325,000.00 ",Britt,
Department of Justice,COPS Tech, AL,Cherokee County Sheriff’s Office,Mobile Command/Response Vehicle,"$300,000.00 ",Britt,
Department of Justice,COPS Tech, AR,City of Jonesboro,Public Safety Technology and Equipment,"$3,500,000.00 ",Boozman,
Department of Justice,COPS Tech, AR,Batesville Police Department,Public Safety Technology and Equipment,"$575,000.00 ",Boozman,
Department of Justice,COPS Tech, AR,Bald Knob Police Department,Public Safety Equipment Upgrades,"$325,000.00 ",Boozman,
Department of Justice,COPS Tech, AR,Arkansas State Police,Arkansas Internet Crimes Against Children Task Force,"$500,000.00 ",Boozman,
Department of Justice,COPS Tech, AL,Etowah County Sheriff’s Office,Law Enforcement Patrol/Rescue Boat,"$300,000.00 ",Britt,
Department of Justice,COPS Tech, AR,6th Judicial District Prosecuting At-,Arkansas Criminal Intelligence Network,"$5,500,000.00 ",Boozman,
Department of Justice,COPS Tech, MD,Town of Riverdale Park,Public Safety Communications Modernization Project,"$179,000.00 ",Alsobrooks,
Department of Justice,COPS Tech, NJ,Village of Ridgefield Park,Public Safety Communications Equipment Modernization,"$1,496,000.00 ",Booker, Kim
Department of Justice,COPS Tech, WI,Ashland County,Emergency Services Radio Infrastructure,"$3,155,000.00 ",Baldwin,
Department of Justice,COPS Tech, WI,Crawford County Sheriff,Public Safety Radios,"$744,000.00 ",Baldwin,
Department of Justice,COPS Tech, WI,Fond du Lac County,Sheriff’s Office Mobile Command Post,"$1,300,000.00 ",Baldwin,
Department of Justice,COPS Tech, CO,City and County of Denver,Sheriff’s Office Fentanyl Contraband Detection Equipment,"$208,000.00 ",Bennet, Hickenlooper
Department of Justice,COPS Tech, CO,City of Rifle,Drug Testing Public Safety Initiative,"$401,000.00 ",Bennet, Hickenlooper
Department of Justice,COPS Tech, CO,Ute Mountain Ute Tribe,Public Safety Project,"$1,700,000.00 ",Bennet, Hickenlooper
Department of Justice,COPS Tech, CT,City of Danbury,Public Safety Response Enhancements,"$300,000.00 ",Blumenthal, Murphy
Department of Justice,COPS Tech, CT,South Windsor Police Department,Police Equipment Upgrades,"$177,000.00 ",Blumenthal, Murphy
Department of Justice,COPS Tech, CT,Town of Ledyard,Police Dispatch System Replacement,"$229,000.00 ",Blumenthal, Murphy
Department of Justice,COPS Tech, CT,Town of Monroe,Police Equipment Upgrades,"$110,000.00 ",Blumenthal, Murphy
Department of Justice,COPS Tech, CT,Town of Simsbury,Dispatch Call Handling Software and Upgrade,"$62,000.00 ",Blumenthal, Murphy
Department of Justice,COPS Tech, NJ,Bergen County Sheriff’s Office,FIFA 2026 Public Safety and Security Upgrades,"$1,200,000.00 ",Booker, Kim
Department of Justice,COPS Tech, NJ,Borough of Manville,Radio Improvements,"$231,000.00 ",Booker, Kim
Department of Justice,COPS Tech, NJ,City of Union City,Intersection Surveillance Upgrade Project,"$880,000.00 ",Booker, Kim
Department of Justice,COPS Tech, NJ,Township of East Windsor,Next Generation 9–1–1 Upgrades,"$300,000.00 ",Booker, Kim
Department of Justice,COPS Tech, AL,Lawrence County Commission,Law Enforcement Public Safety Equipment Upgrades,"$650,000.00 ",Britt,
Department of Justice,COPS Tech, AL,Lowndes County Sheriff’s Department,Law Enforcement Public Safety Equipment Upgrades,"$275,000.00 ",Britt,
Department of Justice,COPS Tech, AL,Pell City Police Department,Law Enforcement Public Safety Equipment Upgrades,"$400,000.00 ",Britt,
Department of Justice,COPS Tech, AL,Slocomb Police Department,Law Enforcement Public Safety Equipment Upgrades,"$37,000.00 ",Britt,
Department of Justice,COPS Tech, AL,Somerville Police Department,Law Enforcement Public Safety Equipment Upgrades,"$110,000.00 ",Britt,
Department of Justice,COPS Tech, AL,St. Clair County Sheriff’s Office,Law Enforcement Public Safety Equipment Upgrades,"$250,000.00 ",Britt,
Department of Justice,COPS Tech, AL,DeKalb County Sheriff’s Office,Multipurpose Response and Rescue Tactical Vehicle,"$354,000.00 ",Britt, Tuberville
Department of Justice,COPS Tech, WA,City of Camas,Police Officer Safety Equipment,"$70,000.00 ",Cantwell,
Department of Justice,COPS Tech, WV,City of Morgantown,Police Department Cruisers,"$525,000.00 ",Capito,
Department of Justice,COPS Tech, WV,City of Nitro,Police Department Equipment Upgrade,"$642,000.00 ",Capito,
Department of Justice,COPS Tech, WV,City of St Albans,Police Department Equipment,"$123,000.00 ",Capito,
Department of Justice,COPS Tech, WV,City of Winfield,Police Car Equipment Project,"$61,000.00 ",Capito,
Department of Justice,COPS Tech, WV,West Virginia State Police,"Internet Crimes Against Children Technology Support
Project.","$400,000.00 ",Capito,
Department of Justice,COPS Tech, WV,"City of Charleston, WV",Fire & Public Safety Center Technology and Equipment,"$250,000.00 ",Capito, Justice
Department of Justice,COPS Tech, WV,City of Oak Hill,Public Safety and Services Technology Expansion,"$166,000.00 ",Capito, Justice
Department of Justice,COPS Tech, WV,Nicholas County Commission,Nicholas County Sheriff Equipment Upgrades,"$179,000.00 ",Capito, Justice
Department of Justice,COPS Tech, LA,City of Ruston Police Department,Real Time Intelligence Crime Center,"$1,500,000.00 ",Cassidy, Kennedy
Department of Justice,COPS Tech, LA,West Monroe Police Department,Police Department Safety Equipment,"$794,000.00 ",Cassidy, Kennedy
Department of Justice,COPS Tech, ME,Lincoln Police Department,Lincoln Police Department Public Safety Equipment,"$565,000.00 ",Collins,
Department of Justice,COPS Tech, ME,Town of Cornish,Cornish Public Safety Communications Equipment,"$218,000.00 ",Collins,
Department of Justice,COPS Tech, ME,Veazie Police Department,Veazie Police Department Public Safety Equipment,"$125,000.00 ",Collins,
Department of Justice,COPS Tech, ME,Washington County Sheriff’s Office,Washington County Sheriff’s Office Public Safety Equip-ment.,"$187,000.00 ",Collins,
Department of Justice,COPS Tech, ME,Town of Kennebunk,Public Safety Communications Equipment,"$5,018,000.00 ",Collins, King
Department of Justice,COPS Tech, ME,Town of Winthrop,Winthrop Public Safety Communications Equipment,"$1,162,000.00 ",Collins, King
Department of Justice,COPS Tech, DE,Wilmington Police Department,Emergency Response and Rescue Vehicle,"$400,000.00 ",Coons,
Department of Justice,COPS Tech, NV,Carson City Sheriff’s Office,Rapid DNA Instrument,"$450,000.00 ",Cortez Masto, Rosen
Department of Justice,COPS Tech, NV,City of Ely,First Responder Communication Equipment Upgrades,"$5,000,000.00 ",Cortez Masto, Rosen
Department of Justice,COPS Tech, NV,Lincoln County Sheriff’s Office,Computer Aided Dispatch,"$531,000.00 ",Cortez Masto, Rosen
Department of Justice,COPS Tech, UT,City of St. George,Public Safety Technology and Advance AI Project,"$1,134,000.00 ",Curtis,
Department of Justice,COPS Tech, IL,City of Springfield,Equipment Upgrades,"$750,000.00 ",Durbin,
Department of Justice,COPS Tech, PA,Warminster Township Police Depart-ment.,Integrated Technology Enhancement Program for the War-minster Township Police Department in Bucks County.,"$735,000.00 ",Fetterman,
Department of Justice,COPS Tech, PA,Centre County,Emergency Radio Equipment for Centre County First Re-sponders.,"$1,000,000.00 ",Fetterman,
Department of Justice,COPS Tech, PA,City of Scranton,Scranton Police Department Public Safety Equipment,"$300,000.00 ",Fetterman,
Department of Justice,COPS Tech, PA,Lehigh County,"Lehigh County
Project.","$500,000.00 ",Fetterman,
Department of Justice,COPS Tech, PA,Shippensburg Borough,Shippensburg Police Department Public Safety Equipment,"$298,000.00 ",Fetterman,
Department of Justice,COPS Tech, PA,University of Pittsburgh,University,"$300,000.00 ",Fetterman, McCormick
Department of Justice,COPS Tech, MS,City of Meridian,Real Time Crime Center,"$750,000.00 ",Hyde-Smith, Wicker
Department of Justice,COPS Tech, MS,Pearl River County,Public Safety Project,"$750,000.00 ",Hyde-Smith, Wicker
Department of Justice,COPS Tech, MS,City of West Point,Crime Prevention Initiative,"$500,000.00 ",Hyde-Smith, Wicker
Department of Justice,COPS Tech, WV,Clay County Schools,School Safety Upgrades,"$749,000.00 ",Justice,
Department of Justice,COPS Tech, VA,Prince Edward County,Prince Edward County Public Safety Interoperable Radio,"$1,695,000.00 ",Kaine, Warner
Department of Justice,COPS Tech, VA,Town of Richlands,Richlands Public Safety & Rescue Equipment Acquisition,"$249,000.00 ",Kaine, Warner
Department of Justice,COPS Tech, MS,Simpson County Sheriff’s Department,Public Safety Equipment Modernization Initiative,"$157,000.00 ",Hyde-Smith,
Department of Justice,COPS Tech, LA,Louisiana Bureau of Investigation,Internet Crimes Against Children Task Force Technology,"$675,000.00 ",Kennedy,
Department of Justice,COPS Tech, NJ,Borough of Franklin,Public Safety Radio Improvement Project,"$216,000.00 ",Kim,
Department of Justice,COPS Tech, NJ,City of Linden,911 Dispatch Center Enhancement Project,"$1,075,000.00 ",Kim,
Department of Justice,COPS Tech, MN,City of Blaine,Joint Powers Command Vehicle Replacement,"$1,470,000.00 ",Klobuchar, Smith
Department of Justice,COPS Tech, VA,Town of Leesburg,Police Department Mobile Command Post,"$500,000.00 ",Kaine, Warner
Department of Justice,COPS Tech, MS,Moss Point Police Department,Public Safety Mobile Data Terminals,"$100,000.00 ",Hyde-Smith,
Department of Justice,COPS Tech, MS,Greene County Sheriff’s Office,Sheriff’s Office Modernization Initiative,"$142,000.00 ",Hyde-Smith,
Department of Justice,COPS Tech, MN,St. Louis County,Counties Records System Collaborative,"$4,000,000.00 ",Klobuchar, Smith
Department of Justice,COPS Tech, NE,City of Beatrice,Southeast,"$782,000.00 ",Fischer,
Department of Justice,COPS Tech, NE,Douglas County Sheriff’s Office,Sheriff’s Office Technology Systems Upgrades,"$639,000.00 ",Fischer,
Department of Justice,COPS Tech, NE,Nebraska State Patrol,Nebraska Online Child Exploitation Prevention Technology,"$176,000.00 ",Fischer,
Department of Justice,COPS Tech, NE,Otoe County,Communications Modernization Project,"$2,700,000.00 ",Fischer,
Department of Justice,COPS Tech, NE,Region 26 Council,Multi-County Communications Center Radio Update,"$415,000.00 ",Fischer,
Department of Justice,COPS Tech, NE,Thayer County,Emergency Radio System Improvements,"$327,000.00 ",Fischer,
Department of Justice,COPS Tech, MS,Monroe County Sheriff’s Office,Surveillance Enhancement Project,"$69,000.00 ",Hyde-Smith,
Department of Justice,COPS Tech, SC,Chester County Sheriff’s Office,Chester County (SC) Sheriff’s Office,"$880,000.00 ",Graham,
Department of Justice,COPS Tech, SC,Lancaster County Sheriff’s Office,Lancaster County Sheriff Office,"$1,261,000.00 ",Graham,
Department of Justice,COPS Tech, NM,˜ Dona Ana County Sheriff’s Office,Mobile Security Trailers,"$268,000.00 ",Heinrich,
Department of Justice,COPS Tech, HI,County of Maui,Kihei Real-Time Crime Center,"$1,000,000.00 ",Hirono, Schatz
Department of Justice,COPS Tech, HI,Maui County,West Maui Communications Alternate Route,"$450,000.00 ",Hirono, Schatz
Department of Justice,COPS Tech, MS,City of Florence Police Department,Public Safety Technology and Equipment Upgrades,"$500,000.00 ",Hyde-Smith,
Department of Justice,COPS Tech, MS,City of Leland,Fleet Expansion,"$130,000.00 ",Hyde-Smith,
Department of Justice,COPS Tech, SC,City of Myrtle Beach,City of Myrtle Beach—Police Equipment,"$300,000.00 ",Graham,
Department of Justice,COPS Tech, NM,Bernalillo County Sheriff’s Office,Vehicle Acquisition,"$1,042,000.00 ",Lujan ´,
Department of Justice,COPS Tech, NM,City of Albuquerque,Real Time Crime Center - Law Enforcement Technology,"$1,069,000.00 ",Lujan ´,
Department of Justice,COPS Tech, PA,Bethlehem Police Department,"Bethlehem Police Department Technology and Equipment
Upgrades.","$250,000.00 ",McCormick,
Department of Justice,COPS Tech, PA,LogosWorks Partners,"York County Law Enforcement Multi-Office Public Safety
Equipment.","$400,000.00 ",McCormick,
Department of Justice,COPS Tech, OR,Wallowa County Sheriff’s Office,Emergency Services Communications,"$2,750,000.00 ",Merkley, Wyden
Department of Justice,COPS Tech, KS,Abilene Police Department,Technology Upgrades,"$104,000.00 ",Moran,
Department of Justice,COPS Tech, KS,Brown County Sheriff,Equipment Upgrades,"$177,000.00 ",Moran,
Department of Justice,COPS Tech, KS,Chase County Sheriff,Technology Upgrades,"$362,000.00 ",Moran,
Department of Justice,COPS Tech, KS,Crawford County Sheriff,Technology Upgrades,"$262,000.00 ",Moran,
Department of Justice,COPS Tech, KS,Dickinson County Sheriff,Technology Upgrades,"$750,000.00 ",Moran,
Department of Justice,COPS Tech, KS,Ellis County Sheriff,Technology Upgrades,"$327,000.00 ",Moran,
Department of Justice,COPS Tech, KS,Elwood Police Department,Equipment Upgrades,"$402,000.00 ",Moran,
Department of Justice,COPS Tech, KS,Greenwood County Sheriff,Technology Upgrades,"$637,000.00 ",Moran,
Department of Justice,COPS Tech, KS,Haskell County Sheriff,Technology Upgrades,"$214,000.00 ",Moran,
Department of Justice,COPS Tech, KS,Leawood Police Department,Technology Upgrades,"$43,000.00 ",Moran,
Department of Justice,COPS Tech, KS,Lindsborg Police Department,Technology Upgrades,"$78,000.00 ",Moran,
Department of Justice,COPS Tech, KS,Logan County Sheriff,Technology Upgrades,"$24,000.00 ",Moran,
Department of Justice,COPS Tech, KS,McPherson County Sheriff,Technology Upgrades,"$138,000.00 ",Moran,
Department of Justice,COPS Tech, KS,Miami County Sheriff,Equipment Upgrades,"$547,000.00 ",Moran,
Department of Justice,COPS Tech, KS,Mitchell County Sheriff,Equipment Upgrades,"$94,000.00 ",Moran,
Department of Justice,COPS Tech, KS,Neodesha Police Department,Technology Upgrades,"$75,000.00 ",Moran,
Department of Justice,COPS Tech, KS,Norton City Police Department,Technology Upgrades,"$63,000.00 ",Moran,
Department of Justice,COPS Tech, KS,Osawatomie Police Department,Technology Upgrades,"$157,000.00 ",Moran,
Department of Justice,COPS Tech, KS,Seneca Police Department,Technology Upgrades,"$536,000.00 ",Moran,
Department of Justice,COPS Tech, KS,Smith County Sheriff,Technology Upgrades,"$27,000.00 ",Moran,
Department of Justice,COPS Tech, KS,Trego County Sheriff,Technology Upgrades,"$52,000.00 ",Moran,
Department of Justice,COPS Tech, KS,"Unified Government of Wyandotte
County.",Camera and Public Alert System Upgrades,"$225,000.00 ",Moran,
Department of Justice,COPS Tech, KS,Victoria Police Department,Technology Upgrades,"$78,000.00 ",Moran,
Department of Justice,COPS Tech, KS,Wathena Police Department,Equipment Upgrades,"$95,000.00 ",Moran,
Department of Justice,COPS Tech, KS,Wichita County Sheriff,Technology Upgrades,"$80,000.00 ",Moran,
Department of Justice,COPS Tech, KS,Yates Center Police Department,Equipment Upgrades,"$146,000.00 ",Moran,
Department of Justice,COPS Tech, OH,Washington County Sheriff’s Office,Sheriff’s Coalition Training Program,"$455,000.00 ",Moreno,
Department of Justice,COPS Tech, OK,Major County Sheriff’s Office,Major County Regional Emergency Communications Tower,"$531,000.00 ",Mullin,
Department of Justice,COPS Tech, OK,Oklahoma State Bureau of Investiga-,"Equipment Replacement.
Internet Crimes Against Children Technology Support","$575,000.00 ",Mullin,
Department of Justice,COPS Tech, OK,"tion.
Pittsburg County Sheriff’s Office",Rapid DNA Program for Investigations,"$500,000.00 ",Mullin,
Department of Justice,COPS Tech, AK,Anchorage Police Department,Enhancements,"$305,000.00 ",Murkowski,
Department of Justice,COPS Tech, RI,West Greenwich Public Safety,West Greenwich Public Safety Dispatch Equipment,"$200,000.00 ",Reed, Whitehouse
Department of Justice,COPS Tech, SD,Pennington County Sheriff’s Office,Jail Tech Upgrades,"$3,920,000.00 ",Rounds,
Department of Justice,COPS Tech, SD,South Dakota Attorney General’s Of-,Child Exploitation Investigation Support Project,"$675,000.00 ",Rounds,
Department of Justice,COPS Tech, VT,State of Vermont Department of Pub-,Public Safety Communications Equipment Upgrade,"$2,000,000.00 ",Sanders,
Department of Justice,COPS Tech, NH,Coos County Administration,Coos County Sheriff Technology Enhancement,"$175,000.00 ",Shaheen,
Department of Justice,COPS Tech, RI,Town of North Kingstown,North Kingstown Broadband and Camera Systems,"$625,000.00 ",Reed, Whitehouse
Department of Justice,COPS Tech, NH,Northern Border Dispatch,Northern Border Dispatch Border Security Communication,"$225,000.00 ",Shaheen,
Department of Justice,COPS Tech, NH,Town of Gilford,Gilford Police Department (CAD/RMS) Replacement and,"$273,000.00 ",Shaheen,
Department of Justice,COPS Tech, NH,Town of Milford,Milford Area Regional Record Management Systems (RMS),"$1,000,000.00 ",Shaheen,
Department of Justice,COPS Tech, MT,Glacier County Sheriff’s Office,Public Safety Communications Equipment Upgrade,"$420,000.00 ",Sheehy,
Department of Justice,COPS Tech, CA,University of California System,Mobile Command Vehicles Acquisition,"$2,050,000.00 ",Schiff,
Department of Justice,COPS Tech, RI,Rhode Island State Police,Rhode Island State Police Equipment and Vehicles,"$2,575,000.00 ",Reed, Whitehouse
Department of Justice,COPS Tech, RI,City of Central Falls,Central Falls Police Department Equipment,"$1,000,000.00 ",Reed, Whitehouse
Department of Justice,COPS Tech, RI,City of Cranston Police Department,Cranston Police Communications,"$1,780,000.00 ",Reed,
Department of Justice,COPS Tech, AK,City of Bethel,Security System Upgrades,"$70,000.00 ",Murkowski,
Department of Justice,COPS Tech, AK,City of Ketchikan,Replace Radio Communication System,"$3,000,000.00 ",Murkowski,
Department of Justice,COPS Tech, GA,City of Carrollton Police Department,Investigative Technology Upgrades,"$76,000.00 ",Ossoff,
Department of Justice,COPS Tech, GA,City of Conyers Police Department,Radio Upgrades,"$685,000.00 ",Ossoff,
Department of Justice,COPS Tech, GA,City of Riverdale,Safer Vehicles and Equipment Upgrades,"$784,000.00 ",Ossoff,
Department of Justice,COPS Tech, GA,City of South Fulton Police Depart-,Safer Roads Initiative Vehicles,"$405,000.00 ",Ossoff,
Department of Justice,COPS Tech, MT,Prairie County Sheriff’s Office,Police Vehicles,"$140,000.00 ",Sheehy,
Department of Justice,COPS Tech, GA,Fulton County Sheriff’s Office,Jail Staff Compliance System,"$526,000.00 ",Ossoff,
Department of Justice,COPS Tech, GA,Treutlen County Sheriff’s Office,Law Enforcement Video Recording Systems,"$249,000.00 ",Ossoff,
Department of Justice,COPS Tech, GA,City of Norcross Police Department,Crime Prevention Coordination Center,"$450,000.00 ",Ossoff, Warnock
Department of Justice,COPS Tech, GA,Morehouse College,Campus Gate and Locks Upgrade,"$556,000.00 ",Ossoff, Warnock
Department of Justice,COPS Tech, GA,Sumter County Sheriff’s Office,New Police Vehicles,"$503,000.00 ",Ossoff, Warnock
Department of Justice,COPS Tech, CA,County of Sutter,Police Radio Upgrades,"$1,500,000.00 ",Padilla,
Department of Justice,COPS Tech, MI,City of Marquette,Marquette Police Department—Portable Radio Upgrades,"$264,000.00 ",Peters,
Department of Justice,COPS Tech, GA,Spalding County Sheriff’s Office,Helicopter Rescue Capability Upgrades,"$175,000.00 ",Ossoff,
Department of Justice,COPS Tech, MT,St. Ignatius Police Department,Police Vehicles,"$185,000.00 ",Sheehy,
Department of Justice,COPS Tech, MT,Treasure County Sheriff-Coroner’s Of-,Police Vehicles,"$92,000.00 ",Sheehy,
Department of Justice,COPS Tech, MS,"University of Mississippi Medical
Center.",UMMC Campus Public Safety Enhancements,"$907,000.00 ",Wicker,
Department of Justice,COPS Tech, MS,Humphreys County,"Area Crime Center.
Law Enforcement Equipment Upgrades","$460,000.00 ",Wicker,
Department of Justice,COPS Tech, MS,City of Columbus,Technology Enhancements for the Northeast Mississippi,"$1,000,000.00 ",Wicker,
Department of Justice,COPS Tech, VT,Town of Hartford Police Department,Public Safety Upgrades,"$774,000.00 ",Welch,
Department of Justice,COPS Tech,GA,University of North Georgia,Campus Public Safety Technology Improvements,"$500,000.00 ",Warnock,
Department of Justice,COPS Tech, MD,"Anne Arundel County, Maryland",Joint 911 Public Safety Center Technology,"$3,500,000.00 ",Van Hollen,
Department of Justice,COPS Tech, NC,Union County Sheriff’s Office,Rapid DNA Instrumentation for Investigations,"$861,000.00 ",Tillis,
Department of Justice,COPS Tech, MD,Baltimore Police Department,Computer Aided Dispatch Replacement,"$3,700,000.00 ",Van Hollen,
Department of Justice,COPS Tech, NC,Town of Holly Springs,Interoperable Communications Equipment,"$1,074,000.00 ",Tillis,
Department of Justice,COPS Tech, NC,McDowell County Sheriff’s Office,Mobile Command Unit,"$250,000.00 ",Tillis,
Department of Justice,COPS Tech, NC,City of Greensboro Police Department,Real Time Intelligence Upgrades,"$820,000.00 ",Tillis,
Department of Justice,COPS Tech, MI,Saginaw Police Department,Saginaw Police Department Patrol Vehicles,"$215,000.00 ",Slotkin,
Department of Justice,COPS Tech, MI,Michigan State Police,"Michigan ICAC Online Child Exploitation Technology
Project.","$675,000.00 ",Slotkin,
Department of Justice,COPS Tech, MT,"fice.
Yellowstone County Sheriff’s Office",Search and Rescue Equipment,"$100,000.00 ",Sheehy,
Department of Justice,COPS Tech, MT,Treasure County Sheriff-Coroner’s Of-,Search and Rescue Equipment,"$127,000.00 ",Sheehy,
Department of Justice,COPS Tech, NC,Town of Mooresville Police Depart-ment.,Police Technology Improvement Project,"$1,478,000.00 ",Tillis,
National Aeronautics and Space Administration,"Safety, Security, and Mission Services", HI,"Laboratory.
University of Hawaii",Improving Space Weather Forecasts,"$1,000,000.00 ",Hirono, Schatz
National Aeronautics and Space Administration,"Safety, Security, and Mission Services",MD,National Children’s Museum,Early STEM Learning Initiatives,"$1,200,000.00 ",Alsobrooks,
National Aeronautics and Space Administration,"Safety, Security, and Mission Services", MD,Frostburg State University,Planetarium Equipment,"$2,808,000.00 ",Alsobrooks,
National Aeronautics and Space Administration,"Safety, Security, and Mission Services", MD,Goucher College,Addressing Air Quality Research,"$151,000.00 ",Alsobrooks,
National Aeronautics and Space Administration,"Safety, Security, and Mission Services", CT,"Talcott Mountain Science Center for
Student Involvement, Inc",Astrophysics and Data Science Education Destination,"$1,700,000.00 ",Blumenthal, Murphy
National Aeronautics and Space Administration,"Safety, Security, and Mission Services", IL,Bradley University,Instrumentation and equipment upgrades,"$1,000,000.00 ",Durbin,
National Aeronautics and Space Administration,"Safety, Security, and Mission Services", HI,University of Hawaii Space Flight,Hawaii STEM Connections,"$1,324,000.00 ",Hirono,
National Aeronautics and Space Administration,"Safety, Security, and Mission Services", OH,Ohio Aerospace Institute,Quantum and,"$500,000.00 ",Husted,
National Aeronautics and Space Administration,"Safety, Security, and Mission Services", MS,Mississippi State University,Demonstration,"$2,500,000.00 ",Hyde-Smith, Wicker
National Aeronautics and Space Administration,"Safety, Security, and Mission Services", KS,Wichita State University,Hypersonic Flight Research,"$10,000,000.00 ",Moran,
National Aeronautics and Space Administration,"Safety, Security, and Mission Services", CA,Cal Poly Partners,Paso Robles Spaceport Training and Research Center,"$1,000,000.00 ",Padilla, Schiff
National Aeronautics and Space Administration,"Safety, Security, and Mission Services", MD,Chinese American Parent Association,STEM Forward,"$1,046,000.00 ",Van Hollen,
National Aeronautics and Space Administration,"Safety, Security, and Mission Services", GA,Paine College,STEM to Space Initiative,"$450,000.00 ",Warnock,