Agency,Account,State,Project,Recipient,Amount,Requested by,Requested by 2
Agricultural Research Service,Buildings and Facilities,MI,USDA ARS Greenhouse Repairs and Maintenance,Michigan State University,"$3,000,000.00 ",Peters,
Natural Resources Conservation Service,Conservation Operations,CA,Kaweah River Siphon Resiliency Project,Tulare Irrigation District,"$3,500,000.00 ",Padilla,
Natural Resources Conservation Service,Conservation Operations,CA,Water System Intertie,Chowchilla Water District,"$1,000,000.00 ",Padilla, Schiff
Natural Resources Conservation Service,Conservation Operations,MA,Mystic River Watershed Improvements,Town of Lexington,"$1,000,000.00 ",Markey, Warren
Rural Housing Service,Rural Community Facilities Program,AZ,Canal Path Improvements,City of Tolleson,"$1,015,000.00 ",Gallego,
Rural Housing Service,Rural Community Facilities Program,CA,Upper Kings Community Water Resiliency Project,Fresno Irrigation District,"$2,000,000.00 ",Schiff,
Rural Housing Service,Rural Community Facilities Program,CA,Senior Center Facility Improvements,City of Guadalupe,"$275,000.00 ",Padilla, Schiff
Rural Housing Service,Rural Community Facilities Program,CA,Bishop Fire Ladder Truck,City of Bishop,"$1,214,366.00 ",Padilla, Schiff
Rural Housing Service,Rural Community Facilities Program,CA,Facility Construction,Gustine Unified School District,"$366,000.00 ",Padilla, Schiff
Rural Housing Service,Rural Community Facilities Program,CO,Police Department Facility Construction,Town of Estes Park,"$1,000,000.00 ",Bennet,
Rural Housing Service,Rural Community Facilities Program,CO,Childcare Facility Improvements,Colorado Department of Corrections,"$873,000.00 ",Bennet,
Rural Housing Service,Rural Community Facilities Program,CO,Property Acquisition and Facility Construction,Morning Star Child Care,"$1,015,000.00 ",Bennet,
Rural Housing Service,Rural Community Facilities Program,CO,Sheriff Office Construction and Improvements,Chaffee County,"$1,000,000.00 ",Bennet,
Rural Housing Service,Rural Community Facilities Program,CT,Fire House Construction,Town of Norfolk,"$500,000.00 ",Blumenthal, Murphy
Rural Housing Service,Rural Community Facilities Program,DE,Facility Construction,"Boys and Girls Club of Delaware, Inc.","$1,015,000.00 ",Blunt Rochester, Coons
Rural Housing Service,Rural Community Facilities Program,GA,Tybee Island Fire Station Replacement,City of Tybee Island,"$5,000,000.00 ",Warnock,
Rural Housing Service,Rural Community Facilities Program,HI,Facility Improvements and Purchase of Equipment,West Hawai’i Region of Hawai’i Health Systems Corporation,"$1,015,000.00 ",Hirono, Schatz
Rural Housing Service,Rural Community Facilities Program,HI,Community Center Improvements,"Hana Business Council, Inc.","$1,015,000.00 ",Hirono, Schatz
Rural Housing Service,Rural Community Facilities Program,KS,Parsons Public Safety Center,City of Parsons Police Department,"$2,300,000.00 ",Moran,
Rural Housing Service,Rural Community Facilities Program,MA,Facility Improvements,Hyannis Public Library Association,"$1,000,000.00 ",Markey, Warren
Rural Housing Service,Rural Community Facilities Program,MA,Community Center Improvements,"George Marston Whitin Memorial Community Association, Inc.","$1,015,000.00 ",Markey, Warren
Rural Housing Service,Rural Community Facilities Program,MD,Crisfield Fire Station and Emergency Shelter,City of Crisfield,"$1,357,500.00 ",Alsobrooks, Van Hollen
Rural Housing Service,Rural Community Facilities Program,MD,Development of a Doctor of Veterinary Medicine program at the University of Maryland Eastern Shore,University of Maryland Eastern Shore,"$1,000,000.00 ",Alsobrooks, Van Hollen
Rural Housing Service,Rural Community Facilities Program,MD,Facility Construction,"Garrett Regional Medical Center, Inc.","$1,000,000.00 ",Van Hollen,
Rural Housing Service,Rural Community Facilities Program,MD,Cambridge Rescue Fire Company Replacement Engine,City of Cambridge,"$715,000.00 ",Alsobrooks, Van Hollen
Rural Housing Service,Rural Community Facilities Program,MD,Shore Regional Medical Center,"University of Maryland Shore Regional Health, Inc.","$2,500,000.00 ",Alsobrooks, Van Hollen
Rural Housing Service,Rural Community Facilities Program,MD,Water Treatment Facility Construction,Mount St. Mary’s University,"$1,000,000.00 ",Alsobrooks, Van Hollen
Rural Housing Service,Rural Community Facilities Program,MD,Purchase of Equipment and Software,McDaniel College,"$830,000.00 ",Van Hollen,
Rural Housing Service,Rural Community Facilities Program,MD,Facility Construction,"Carroll County Veterans Independence Project, Inc.","$1,000,000.00 ",Alsobrooks,
Rural Housing Service,Rural Community Facilities Program,ME,Facility Construction and Improvements,"United Society of Shakers, Sabbathday Lake, Inc.","$1,015,000.00 ",King,
Rural Housing Service,Rural Community Facilities Program,ME,Facility Construction,Regional School Unit 13,"$1,176,000.00 ",King,
Rural Housing Service,Rural Community Facilities Program,ME,Library and Community Center Facility Improvements,Town of South Thomaston,"$1,000,000.00 ",King,
Rural Housing Service,Rural Community Facilities Program,ME,Facility Improvements,Midcoast Community Alliance,"$1,015,000.00 ",King,
Rural Housing Service,Rural Community Facilities Program,ME,Wharf Infrastructure and Facility Improvements,Town of Friendship,"$975,000.00 ",King,
Rural Housing Service,Rural Community Facilities Program,MI,Library Facility Improvements,City of Rockford,"$1,000,000.00 ",Peters,
Rural Housing Service,Rural Community Facilities Program,MI,Putnam Township Fire Truck,Putnam Township Fire Department,"$600,000.00 ",Slotkin,
Rural Housing Service,Rural Community Facilities Program,MN,Public Safety Facility Improvements,City of New Prague,"$1,000,000.00 ",Klobuchar, Smith
Rural Housing Service,Rural Community Facilities Program,MN,Gundersen St. Elizabeth’s Hospital,Gundersen St. Elizabeth’s Hospital,"$1,601,954.00 ",Klobuchar, Smith
Rural Housing Service,Rural Community Facilities Program,MN,"Spring Grove, MN, Fire Station",City of Spring Grove,"$1,500,000.00 ",Klobuchar, Smith
Rural Housing Service,Rural Community Facilities Program,MN,Public Safety Facility Construction,City of Le Sueur,"$1,000,000.00 ",Klobuchar, Smith
Rural Housing Service,Rural Community Facilities Program,MS,Choctaw County—Fire Station/EMS Building Construction,"Choctaw County, MS Board of Supervisors","$3,000,000.00 ",Wicker,
Rural Housing Service,Rural Community Facilities Program,NJ,Fire House Construction,Borough of Bogota,"$1,015,000.00 ",Booker, Kim
Rural Housing Service,Rural Community Facilities Program,NJ,Police Department Facility Improvements,Wyckoff Township,"$1,015,000.00 ",Kim,
Rural Housing Service,Rural Community Facilities Program,NM,Hospital Construction,Valencia County,"$1,000,000.00 ",Heinrich,
Rural Housing Service,Rural Community Facilities Program,NM,Town Hall Facility Improvements,Town of Mesilla,"$1,000,000.00 ",Heinrich, Lujan
Rural Housing Service,Rural Community Facilities Program,NM,Healthcare Facility Construction and Improvements,Sandoval County,"$1,015,000.00 ",Heinrich,
Rural Housing Service,Rural Community Facilities Program,NM,Purchase of Fire Ladder Engine,San Juan County,"$1,000,000.00 ",Heinrich, Lujan
Rural Housing Service,Rural Community Facilities Program,NY,"Adirondack Medical Center, New York, Dialysis Center Expansion",Adirondack Medical Center (dba Adirondack Health),"$1,000,000.00 ",Gillibrand,
Rural Housing Service,Rural Community Facilities Program,NY,Facility Improvements,BroomeDelawareTioga Board of Cooperative Educational Services,"$1,015,000.00 ",Schumer,
Rural Housing Service,Rural Community Facilities Program,NY,Facility Construction,"Refuah Health Center, Inc.","$1,000,000.00 ",Gillibrand, Schumer
Rural Housing Service,Rural Community Facilities Program,NY,Public Safety Building Vital Improvements for Safety and Security in Orleans County,County of Orleans,"$1,750,000.00 ",Schumer,
Rural Housing Service,Rural Community Facilities Program,NY,New Police Station,City of Oswego,"$1,000,000.00 ",Schumer,
Rural Housing Service,Rural Community Facilities Program,NY,Facility Improvements,Margaretville Memorial Hospital,"$619,000.00 ",Gillibrand, Schumer
Rural Housing Service,Rural Community Facilities Program,NY,Facility Improvements,"Oneida Health Systems, Inc.","$358,000.00 ",Gillibrand, Schumer
Rural Housing Service,Rural Community Facilities Program,NY,Fire House Construction,Guilford Fire District,"$1,015,000.00 ",Gillibrand, Schumer
Rural Housing Service,Rural Community Facilities Program,OH,Madison County Sheriff’s Department Operations and 911 Dispatch Center,Madison County Administrators,"$3,500,000.00 ",Moreno,
Rural Housing Service,Rural Community Facilities Program,OH,Pathology Lab Modernization,Holzer Health System,"$999,000.00 ",Husted,
Rural Housing Service,Rural Community Facilities Program,OR,Workforce Training Facility Construction and Purchase of Equipment,Oregon Coast Community College,"$1,000,000.00 ",Merkley, Wyden
Rural Housing Service,Rural Community Facilities Program,OR,Facility Construction and Improvements,Glide Revitalization,"$800,000.00 ",Merkley, Wyden
Rural Housing Service,Rural Community Facilities Program,OR,Facility Construction,Siletz Valley Fire District,"$1,015,000.00 ",Merkley, Wyden
Rural Housing Service,Rural Community Facilities Program,PA,Facility Improvements,Ludwigs Corner Fire Company No. 1,"$1,000,000.00 ",Fetterman,
Rural Housing Service,Rural Community Facilities Program,PA,Bloomsburg Area YMCA Community Resource Hub Construction,Bloomsburg Area YMCA,"$875,000.00 ",McCormick,
Rural Housing Service,Rural Community Facilities Program,PA,Facility Improvements,Carnegie Library of Homestead,"$1,015,000.00 ",Fetterman,
Rural Housing Service,Rural Community Facilities Program,PA,Renovation of the East Brady Community Center and Emergency Shelter,East Brady Borough,"$488,248.00 ",Fetterman,
Rural Housing Service,Rural Community Facilities Program,PA,Moshannon Valley EMS and Training Facility,Moshannon Valley Emergency Medical Services,"$2,074,716.00 ",Fetterman, McCormick
Rural Housing Service,Rural Community Facilities Program,PA,Danville Area Community Center Program and Facility Upgrades,Danville Area Community Center,"$1,000,000.00 ",Fetterman,
Rural Housing Service,Rural Community Facilities Program,PA,Enhancement of the Old Lycoming Township Volunteer Fire Company Regional Emergency Services Hub,Old Lycoming Township Volunteer Fire Company,"$1,345,000.00 ",Fetterman, McCormick
Agricultural Research Service,Buildings and Facilities,MD,Beltsville Agricultural Research Center Infrastructure,USDA–ARS Beltsville Agricultural Research Center,"$3,000,000.00 ",Van Hollen,
Agricultural Research Service,Buildings and Facilities,NE,USDA ARS National Center for Resilient and Regenerative Precision Agriculture,USDA Agricultural Research Service colocated at the University of Nebraska Lincoln,"$16,000,000.00 ",Fischer,
Rural Housing Service,Rural Community Facilities Program,VA,Integrated Care Health Campus Development,Colonial Behavioral Health,"$2,000,000.00 ",Kaine, Warner
Rural Housing Service,Rural Community Facilities Program,WA,Facility Construction and Purchase of Equipment,"Jefferson County Public Hospital District No. 2, d.b.a. Jefferson Healthcare","$1,000,000.00 ",Cantwell,
Rural Housing Service,Rural Community Facilities Program,WA,Facility Construction and Purchase of Equipment,"Pacific County Hospital District No. 2, Willapa Harbor Hospital","$1,015,000.00 ",Cantwell,
Rural Housing Service,Rural Community Facilities Program,WA,Relief for the Rural Health Workforce Project,"Douglas, Grant, Lincoln, Okanagon Counties Public Hospital District #6 (dba Coulee Medical Center)","$3,020,475.00 ",Cantwell,
Rural Housing Service,Rural Community Facilities Program,WA,Facility Construction and Improvements,"King County Public Hospital District No. 4, d.b.a Snoqualmie Valley","$1,000,000.00 ",Cantwell,
Rural Housing Service,Rural Community Facilities Program,WA,Street and Sidewalk Construction and Improvements,City of Yelm,"$1,000,000.00 ",Cantwell,
Rural Housing Service,Rural Community Facilities Program,WA,Skyline Health Advancing Rural Surgical Services Project,Skyline Health (Klickitat County Public Hospital District No. 2),"$3,000,000.00 ",Cantwell,
Rural Housing Service,Rural Community Facilities Program,WA,Family Medicine Residency Project,TriState Health,"$1,000,000.00 ",Cantwell,
Rural Housing Service,Rural Community Facilities Program,WA,Facility Construction,Lopez Food Center,"$1,000,000.00 ",Cantwell,
Rural Housing Service,Rural Community Facilities Program,WI,Village of West Salem Public Safety Building,Village of West Salem,"$2,500,000.00 ",Baldwin,
Rural Housing Service,Rural Community Facilities Program,WV,Barbour County Ambulance Authority Station,Barbour County Commission,"$1,668,750.00 ",Capito,
Rural Housing Service,Rural Community Facilities Program,AK,Public Safety Building and Emergency Operations Center Rehabilitation,City and Borough of Wrangell,"$2,438,000.00 ",Murkowski,
Rural Housing Service,Rural Community Facilities Program,CO,Veterans Enhanced Transportation Services Project,Spanish Peaks Regional Health Center,"$450,000.00 ",Bennet,
Rural Housing Service,Rural Community Facilities Program,HI,Facility Improvements and Purchase of Equipment,Lana’i Community Health Center,"$1,150,000.00 ",Schatz,
Rural Housing Service,Rural Community Facilities Program,MD,Facility Improvements,"Carroll County Youth Service Bureau, Inc.","$1,000,000.00 ",Alsobrooks, Van Hollen
Rural Housing Service,Rural Community Facilities Program,MD,Purchase of Fire Engine,"Potomac Fire Company No. 2, Inc.","$675,000.00 ",Alsobrooks, Van Hollen
Rural Housing Service,Rural Community Facilities Program,MD,Facility Construction,"San Mar Children’s Home, Inc., d.b.a. San Mar Family and Community Services, Inc.","$1,015,000.00 ",Alsobrooks, Van Hollen
Rural Housing Service,Rural Community Facilities Program,MD,Town of Eagle Harbor Community Revitalization,"Town of Eagle Harbor, Inc.","$800,000.00 ",Van Hollen,
Rural Housing Service,Rural Community Facilities Program,ME,Police Garage Facility Improvements,Town of Holden,"$643,000.00 ",Collins, King
Rural Housing Service,Rural Community Facilities Program,MI,Early Childhood Center,Central Montcalm Public Schools,"$225,000.00 ",Peters,
Rural Housing Service,Rural Community Facilities Program,MI,City of Alpena Aerial Fire Truck Replacement,City of Alpena,"$1,105,000.00 ",Peters,
Rural Housing Service,Rural Community Facilities Program,MI,The City of Big Rapids Fire Truck Project,City of Big Rapids,"$378,000.00 ",Peters,
Rural Housing Service,Rural Community Facilities Program,NJ,Purchase of Equipment,Deborah Heart & Lung Center,"$847,000.00 ",Booker, Kim
Rural Utilities Service,Rural Water and Waste Disposal Program,CA,Wastewater Treatment Facility Improvements,City of Solvang,"$1,000,000.00 ",Schiff,
Rural Utilities Service,Rural Water and Waste Disposal Program,CA,Walnut Grove Water System Improvements,County of Sacramento,"$1,000,000.00 ",Padilla, Schiff
Rural Utilities Service,Rural Water and Waste Disposal Program,MD,Millington Wastewater Treatment Plant,"Board of County Commissioners of Kent County, Maryland","$6,200,000.00 ",Alsobrooks, Van Hollen
Rural Utilities Service,Rural Water and Waste Disposal Program,MN,Kandiyohi Water and Waste System Improvements Project,"City of Kandiyohi, MN","$4,167,900.00 ",Klobuchar, Smith
Rural Utilities Service,Rural Water and Waste Disposal Program,MN,Plummer Sanitary System Improvements Project,City of Plummer,"$1,500,000.00 ",Klobuchar, Smith
Rural Utilities Service,Rural Water and Waste Disposal Program,MN,Harris Municipal Water System Improvement and Water Main Looping,City of Harris,"$1,374,469.00 ",Klobuchar, Smith
Rural Utilities Service,Rural Water and Waste Disposal Program,NJ,Pump Station Facility Construction,Township of Edgewater Park,"$1,015,000.00 ",Booker, Kim
Rural Utilities Service,Rural Water and Waste Disposal Program,VA,Northampton County Community Center Septic System,Northampton County,"$1,300,000.00 ",Kaine, Warner
Rural Utilities Service,Rural Water and Waste Disposal Program,WA,Water Treatment Facility and Reservoir Improvements,Town of Wilkeson,"$775,000.00 ",Cantwell,
Rural Utilities Service,Rural Water and Waste Disposal Program,WA,Recycling and Reuse Station Construction,Island County,"$1,000,000.00 ",Cantwell,
Rural Utilities Service,"Distance Learning, Telemedicine, and Broadband Program",MI,Purchase of Equipment,Central Michigan University,"$1,000,000.00 ",Slotkin,
Rural Utilities Service,"Distance Learning, Telemedicine, and Broadband Program",WA,Purchase of Equipment,"Clallam County Public Hospital District No. 2, d.b.a. Olympic Medical Center","$1,000,000.00 ",Cantwell,
Rural Housing Service,Rural Community Facilities Program,NM,Estancia Town Hall and Community Center Renovation,Town of Estancia,"$1,513,000.00 ",Lujan,
Rural Housing Service,Rural Community Facilities Program,PA,Wyoming County Healthcare Facility Improvements,Wyoming County Healthcare Center,"$2,346,849.00 ",McCormick,
Rural Housing Service,Rural Community Facilities Program,PA,Fire Station and Training Center for Crary Hose Company,Crary Hose Company,"$1,286,250.00 ",Fetterman, McCormick
Rural Housing Service,Rural Community Facilities Program,PA,"Friendship Hose Co. No. 1, Orwigsburg Fire Department New Fire Station","Friendship Hose Co. No. 1, Orwigsburg","$2,225,000.00 ",McCormick,
Rural Housing Service,Rural Community Facilities Program,VA,City of Bristol Municipal Vehicles Replacement,City of Bristol,"$285,000.00 ",Kaine, Warner
Rural Housing Service,Rural Community Facilities Program,WA,Facility Improvements and Purchase of Equipment,"Snohomish County Public Hospital District No. 1,
d.b.a. Evergreen Health Monroe","$1,500,000.00 ",Cantwell, Murray
Rural Housing Service,Rural Community Facilities Program,WI,Family Health Center of Marshfield,"Family Health Center of Marshfield, Inc.","$3,000,000.00 ",Baldwin,
Rural Housing Service,Rural Community Facilities Program,WV,Minnie Hamilton Hospital Renovation Project,Minnie Hamilton Health System,"$1,750,000.00 ",Capito, Justice
Rural Utilities Service,Rural Water and Waste Disposal Program,WA,Water System Improvements,Public Utility District No. 1 of Skamania County,"$2,400,000.00 ",Cantwell, Murray
Agricultural Research Service,Buildings and Facilities,AR,Dale Bumpers National Rice Research Center Equipment and Infrastructure Modernization,Dale Bumpers National Rice Research Center,"$3,100,000.00 ",Boozman,
Agricultural Research Service,Buildings and Facilities,AR,Dale Bumpers National Rice Research Center Facility Repairs and Improvements,Dale Bumpers National Rice Research Center,"$6,550,000.00 ",Boozman,
Agricultural Research Service,Buildings and Facilities,HI,Pacific Regional Lab for Control of Agricultural Pests,"ARS, Hilo","$4,000,000.00 ",Hirono, Schatz
Agricultural Research Service,Buildings and Facilities,KY,University of Kentucky/United States Department of Agriculture Agricultural Research Services ForageAnimal Production Research Unit,"University of Kentucky MartinGatton College of Agriculture, Food and Environment","$10,000,000.00 ",McConnell,
National Institute of Food and Agriculture,Research Facilities Act Program,GA,Fort Valley Center for Agricultural Innovation and Entrepreneurship,Fort Valley State University,"$1,000,000.00 ",Ossoff, Warnock
National Institute of Food and Agriculture,Research Facilities Act Program,HI,Agriculture Center for Technical Innovation,University of Hawaii,"$2,000,000.00 ",Hirono, Schatz
National Institute of Food and Agriculture,Research Facilities Act Program,KS,Global Center for Grain and Food Innovation—Interdisciplinary Research Labs and Pilot Plant Development,Kansas State University,"$5,535,000.00 ",Moran,
National Institute of Food and Agriculture,Research Facilities Act Program,ME,University of Maine Forest Health Lab,University of Maine System,"$600,000.00 ",Collins, King
National Institute of Food and Agriculture,Research Facilities Act Program,NH,Center for Excellence in Education and Discovery for Plant Science (CEED Plant Science),University System of New Hampshire,"$1,925,000.00 ",Shaheen,
National Institute of Food and Agriculture,Research Facilities Act Program,SD,South Dakota State University Cottonwood Field Station Renovation and Expansion,South Dakota State University,"$2,000,000.00 ",Rounds,
National Institute of Food and Agriculture,Research Facilities Act Program,SD,South Dakota State University Transient Animal Research Support Facility,South Dakota State University,"$500,000.00 ",Rounds,
Animal and Plant Health Inspection Service,Salaries and Expenses,AK,Alaska Native Rural Veterinary Care,Alaska Federation of Natives,"$750,000.00 ",Murkowski,
Animal and Plant Health Inspection Service,Salaries and Expenses,CT,The Connecticut Agricultural Experiment Station for Monitoring Ticks and Tickborne Pathogens to Better Guide Public Health Action,Connecticut Agriculture Experiment Station,"$267,000.00 ",Blumenthal, Murphy
Animal and Plant Health Inspection Service,Salaries and Expenses,GA,Athens Veterinary Diagnostic Laboratory Pathological Waste Incinerator,"University of Georgia Research Foundation, Inc.","$1,900,000.00 ",Ossoff, Warnock
Animal and Plant Health Inspection Service,Salaries and Expenses,MN,UMN Vet Diagnostics Lab Testing Capacity,University of Minnesota,"$1,000,000.00 ",Klobuchar, Smith
Animal and Plant Health Inspection Service,Salaries and Expenses,MS,Wildlife Damage Management—Mississippi FishEating Bird Control Program,APHIS–MS,"$1,000,000.00 ",HydeSmith,
Animal and Plant Health Inspection Service,Salaries and Expenses,NM,Innovative Weed Control in Perennial Crops,New Mexico State University,"$467,000.00 ",Heinrich,
Animal and Plant Health Inspection Service,Salaries and Expenses,RI,Worden Pond Treatment for Invasive Plants,Rhode Island Department of Environmental Management,"$500,000.00 ",Reed,
Animal and Plant Health Inspection Service,Salaries and Expenses,SC,Asian Longhorned Beetle Eradication,Clemson University,"$1,000,000.00 ",Graham,
Animal and Plant Health Inspection Service,Salaries and Expenses,SC,"Improvements to Agricultural, Animal Health and Quality",Clemson University,"$4,500,000.00 ",Graham,
Natural Resources Conservation Service,Watershed and Flood Prevention Operations,AK,Nunavakanukakslak LakeJohnson River Watershed,Native Village of Nunapitchul,"$55,000.00 ",Murkowski,
Natural Resources Conservation Service,Watershed and Flood Prevention Operations,AZ,Smith Wash Watershed Plan,Pinal County,"$1,000,000.00 ",Gallego, Kelly
Natural Resources Conservation Service,Watershed and Flood Prevention Operations,KS,Rattlesnake Creek Watershed,Big Bend Groundwater Management District No. 5,"$4,200,000.00 ",Moran,
Natural Resources Conservation Service,Watershed and Flood Prevention Operations,MS,Big and Little Cedar Creeks (George County) Flood Prevention,George County,"$2,000,000.00 ",Wicker,
Natural Resources Conservation Service,Watershed and Flood Prevention Operations,MS,Choctaw County Lake,Choctaw County Board of Supervisors,"$1,000,000.00 ",Wicker,
Natural Resources Conservation Service,Watershed and Flood Prevention Operations,MS,Mississippi Watershed and Flood Prevention Operations,NRCS–MS,"$13,550,000.00 ",HydeSmith,
Natural Resources Conservation Service,Watershed and Flood Prevention Operations,MT,Milk River Watershed Plan,Milk River Irrigation Project Joint Board of Control,"$2,500,000.00 ",Sheehy,
Natural Resources Conservation Service,Watershed and Flood Prevention Operations,OK,Spavinaw Creek Bank Stabilization,Green Country Conservation Alliance Inc.,"$55,000.00 ",Mullin,
Natural Resources Conservation Service,Watershed and Flood Prevention Operations,OR,Farmers Irrigation District Irrigation Modernization Project,Farmers Irrigation District,"$2,000,000.00 ",Merkley, Wyden
Natural Resources Conservation Service,Watershed and Flood Prevention Operations,OR,North Unit Irrigation District Infrastructure Modernization Project,North Unit Irrigation District,"$2,000,000.00 ",Merkley, Wyden
Natural Resources Conservation Service,Watershed and Flood Prevention Operations,RI,Pocasset Flood Mitigation Project,Rhode Island Association of Conservation Districts,"$4,000,000.00 ",Reed,
Rural Housing Service,Rural Community Facilities Program,AK,Kenai Peninsula Critical Communications Upgrades,Kenai Peninsula Borough,"$2,045,000.00 ",Murkowski,
Rural Housing Service,Rural Community Facilities Program,AK,Houston Alaska Fire Station 9–3 Public Works Shared Facility,City of Houston,"$1,950,000.00 ",Murkowski,
Rural Housing Service,Rural Community Facilities Program,AK,Heavy Equipment Improving Rural Community Conditions,Alaska Municipal League,"$4,200,000.00 ",Murkowski,
Rural Housing Service,Rural Community Facilities Program,AK,Native Village of Eagle Fire Hall & Public Safety Building,Native Village of Eagle,"$750,000.00 ",Murkowski,
Rural Housing Service,Rural Community Facilities Program,AK,SelfContained Breathing apparatus Equipment Replacement,Petersburg Borough,"$225,000.00 ",Murkowski,
Rural Housing Service,Rural Community Facilities Program,AK,Community Housing Asbestos Abatement & Remova,City of Whittier,"$310,000.00 ",Murkowski,
Rural Housing Service,Rural Community Facilities Program,AK,Bethel Food Bank and Pantry,Bethel Food Bank and Pantry,"$605,000.00 ",Murkowski,
Rural Housing Service,Rural Community Facilities Program,AL,Houston County Radio Tower,Houston County Commission,"$248,000.00 ",Britt,
Rural Housing Service,Rural Community Facilities Program,AL,City of Samson Water System Improvements,City of Samson,"$2,200,000.00 ",Britt,
Rural Housing Service,Rural Community Facilities Program,AL,Grand Bay Fire District Volunteer Fire Station,Grand Bay Fire District,"$113,000.00 ",Britt,
Rural Housing Service,Rural Community Facilities Program,AL,Piedmont Fire Engine,Piedmont Fire Department,"$488,000.00 ",Britt,
Rural Housing Service,Rural Community Facilities Program,AL,Pike Road Agricultural Job Development and Career Center,Town of Pike Road,"$440,000.00 ",Tuberville,
Rural Housing Service,Rural Community Facilities Program,AL,Winfield Radio Upgrades,Winfield Fire Department,"$32,000.00 ",Britt,
Rural Housing Service,Rural Community Facilities Program,AL,Slocomb Fire Tanker Replacement,City of Slocomb,"$278,000.00 ",Britt,
Rural Housing Service,Rural Community Facilities Program,AL,Heflin Fire Department Ladder Truck,Heflin Fire Department,"$1,200,000.00 ",Britt,
Rural Housing Service,Rural Community Facilities Program,AL,Fyffe Sewer System Improvements,"Waterworks Sewer and Gas Board of Section, Alabama","$1,648,000.00 ",Britt, Tuberville
Rural Housing Service,Rural Community Facilities Program,AR,"Town of Etowah, Etowah Volunteer Fire Department Firetruck Replacement","Town of Etowah, Etowah Volunteer Fire Department","$413,000.00 ",Boozman,
Rural Housing Service,Rural Community Facilities Program,AZ,Tonto Basin Fire Station Remodel,Tonto Basin Fire District,"$158,000.00 ",Gallego, Kelly
Rural Housing Service,Rural Community Facilities Program,AZ,Superior Fire Engine,Town of Superior,"$718,000.00 ",Gallego, Kelly
Rural Housing Service,Rural Community Facilities Program,AZ,Bisbee Fire Truck,City of Bisbee,"$620,000.00 ",Gallego, Kelly
Rural Housing Service,Rural Community Facilities Program,AZ,Clarkdale Police Station,Town of Clarkdale,"$150,000.00 ",Gallego, Kelly
Rural Housing Service,Rural Community Facilities Program,AZ,Alpine Fire District Emergency Response Vehicle,Alpine Fire District,"$140,000.00 ",Gallego, Kelly
Rural Housing Service,Rural Community Facilities Program,CA,City of Huron Police Vehicle Conversion Project,City of Huron,"$280,000.00 ",Padilla,
Rural Housing Service,Rural Community Facilities Program,CA,Mono County—Emergency Backup Generators,County of Mono,"$900,000.00 ",Padilla, Schiff
Rural Housing Service,Rural Community Facilities Program,CA,Guadalupe Union School District—Making Way for Room to Play Project,Guadalupe Union School District,"$1,967,000.00 ",Padilla, Schiff
Rural Housing Service,Rural Community Facilities Program,CA,Mariposa County—6th Street Pedestrian Bridge Project,County of Mariposa,"$737,000.00 ",Padilla, Schiff
Rural Housing Service,Rural Community Facilities Program,CO,Wellington Community Services Center,Larimer County,"$1,000,000.00 ",Bennet,
Rural Housing Service,Rural Community Facilities Program,CO,Regional Fire Training Tower,NE Teller County Fire Protection District,"$529,000.00 ",Bennet,
Rural Housing Service,Rural Community Facilities Program,CO,Fairplay Police Station,Town of Fairplay,"$1,199,000.00 ",Bennet,
Rural Housing Service,Rural Community Facilities Program,CO,Gardner Community Center Construction,Huerfano Community Corporation,"$590,000.00 ",Bennet,
Rural Housing Service,Rural Community Facilities Program,CT,Town of Andover for New Generator Installation and Renovations for Senior/ Community Center,Town of Andover,"$273,000.00 ",Blumenthal, Murphy
Rural Housing Service,Rural Community Facilities Program,CT,Library Association of Warehouse Point for Facilities Improvements,Library Association of Warehouse Point,"$182,000.00 ",Blumenthal, Murphy
Rural Housing Service,Rural Community Facilities Program,CT,Sea Research Foundation Improved Water Quality and Improved Quality of Wastewater Discharges,Sea Research Foundation (dba Mystic Aquarium),"$750,000.00 ",Blumenthal, Murphy
Rural Housing Service,Rural Community Facilities Program,CT,Town for Willington for Firehouse and EOC Renovation and Remediation,Town of Willington,"$525,000.00 ",Blumenthal, Murphy
Rural Housing Service,Rural Community Facilities Program,CT,Eugene O’Neill Theater Center for Renovations to Historic Campus,Eugene O’Neill Memorial Theater Center,"$1,588,000.00 ",Blumenthal, Murphy
Rural Housing Service,Rural Community Facilities Program,CT,Community Health Resources for Roots to Recovery (R2R) Facility Enhancements,Community Health Resources,"$560,000.00 ",Blumenthal, Murphy
Rural Housing Service,Rural Community Facilities Program,CT,Essex Library Association for Infrastructure and Accessibility Improvements,Essex Library Association,"$576,000.00 ",Blumenthal, Murphy
Rural Housing Service,Rural Community Facilities Program,DE,Capital Improvements—Georgetown,La Red Health Center,"$2,000,000.00 ",Coons,
Rural Housing Service,Rural Community Facilities Program,DE,Emergency Radio Tower Upgrades,Delaware Division of Communications,"$2,208,000.00 ",Coons,
Rural Housing Service,Rural Community Facilities Program,DE,Cape Henlopen Senior Center,Cape Henlopen Senior Center Inc.,"$1,049,000.00 ",Blunt Rochester,
Rural Housing Service,Rural Community Facilities Program,DE,Capital Improvements—Seaford,La Red Health Center,"$720,000.00 ",Blunt Rochester, Coons
Rural Housing Service,Rural Community Facilities Program,DE,Energy Efficiency Improvements,"Food Bank of Delaware, Inc.","$1,126,000.00 ",Blunt Rochester, Coons
Rural Housing Service,Rural Community Facilities Program,GA,Rescue Truck and Electronic Message Boards,Washington County Emergency Management Agency,"$270,000.00 ",Ossoff,
Rural Housing Service,Rural Community Facilities Program,GA,Lodging for Veterans at Learning Apiary,Doc’s Healing Hives and Honey,"$163,000.00 ",Ossoff,
Rural Housing Service,Rural Community Facilities Program,GA,Baxley and Appling County Hospital Authority HVAC Upgrade,The Baxley and Appling County Hospital Authority,"$1,001,000.00 ",Warnock,
Rural Housing Service,Rural Community Facilities Program,GA,Manchester Fire Department Station Remodel/Addition,Manchester Fire Department,"$300,000.00 ",Ossoff,
Rural Housing Service,Rural Community Facilities Program,GA,Improvements to Fire Station and Emergency Operations Center,City of Cochran,"$314,000.00 ",Ossoff,
Rural Housing Service,Rural Community Facilities Program,GA,City of Wrightsville Police Patrol Vehicles,Wrightsville Police Department,"$103,000.00 ",Ossoff,
Rural Housing Service,Rural Community Facilities Program,GA,Second Harvest of Coastal Georgia Community Kitchen,America’s Second Harvest of Coastal Georgia,"$855,000.00 ",Warnock,
Rural Housing Service,Rural Community Facilities Program,GA,Danielsville Community Center,City of Danielsville,"$42,000.00 ",Ossoff,
Rural Housing Service,Rural Community Facilities Program,GA,Knox Community Center Rehabilitation,Warren County Board of Commissioners,"$652,000.00 ",Ossoff,
Rural Housing Service,Rural Community Facilities Program,GA,New Fire Station and Fire Pumper Truck,City of Lakeland,"$750,000.00 ",Ossoff,
Rural Housing Service,Rural Community Facilities Program,GA,Wildland Brush Trucks,Fannin County Fire Department,"$205,000.00 ",Ossoff,
Rural Housing Service,Rural Community Facilities Program,GA,White County Library Construction Project,White County,"$500,000.00 ",Ossoff,
Rural Housing Service,Rural Community Facilities Program,GA,McIntosh County First Responder Mini Ambulance,McIntosh County Board of Commissioners,"$36,000.00 ",Warnock,
Rural Housing Service,Rural Community Facilities Program,GA,Wilcox County Fire Stations,Wilcox County Board of Commissioners,"$402,000.00 ",Ossoff,
Rural Housing Service,Rural Community Facilities Program,GA,Ambulance Replacement Initiative,Dade County,"$406,000.00 ",Ossoff,
Rural Housing Service,Rural Community Facilities Program,GA,Fire Station Construction,Bleckley County Fire Department,"$124,000.00 ",Ossoff,
Rural Housing Service,Rural Community Facilities Program,GA,Tanker Truck for Georgia Mutual Aid Group Resources,Allentown Fire Department,"$412,000.00 ",Ossoff,
Rural Housing Service,Rural Community Facilities Program,GA,City of Fitzgerald Fire Department Bedroom Addition,City of Fitzgerald,"$509,000.00 ",Ossoff,
Rural Housing Service,Rural Community Facilities Program,GA,Okefenokee Experience Nature Center,"Okefenokee Swamp Park, Inc.","$1,000,000.00 ",Ossoff, Warnock
Rural Housing Service,Rural Community Facilities Program,GA,New Public Safety Facility for Eastman Fire Department,City of Eastman,"$1,059,000.00 ",Ossoff, Warnock
Rural Housing Service,Rural Community Facilities Program,GA,McIntosh County Public Safety Communication Upgrade,McIntosh County Board of Commissioners,"$2,303,000.00 ",Ossoff, Warnock
Rural Housing Service,Rural Community Facilities Program,IL,Hospital Infrastructure Improvements,Iroquois Memorial Hospital and Resident Home,"$645,000.00 ",Durbin,
Rural Housing Service,Rural Community Facilities Program,IL,Rural Health Clinic Expansion,Southern Illinois Hospital Services,"$1,000,000.00 ",Durbin,
Rural Housing Service,Rural Community Facilities Program,IL,Memorial Hospital Association LaHarpe Clinic Initiative,Memorial Hospital Association,"$1,382,000.00 ",Duckworth,
Rural Housing Service,Rural Community Facilities Program,IL,Herrin CUSD No. 4 PreK Center,Herrin CUSD No. 4,"$263,000.00 ",Duckworth,
Rural Housing Service,Rural Community Facilities Program,IL,Laboratory Renovation,Blessing Care Corporation,"$1,000,000.00 ",Durbin,
Rural Housing Service,Rural Community Facilities Program,IL,Intergenerational Center,Boys & Girls Club of Livingston County,"$1,000,000.00 ",Durbin,
Rural Housing Service,Rural Community Facilities Program,IL,Medical Technology Upgrades,Lawrence County Memorial Hospital,"$450,000.00 ",Durbin,
Rural Housing Service,Rural Community Facilities Program,KS,Phillips County Health Systems Operating Room Repairs,Phillips County Health Systems,"$675,000.00 ",Moran,
Rural Housing Service,Rural Community Facilities Program,KS,Jewell County Courthouse,Jewell County,"$20,000.00 ",Moran,
Rural Housing Service,Rural Community Facilities Program,KS,Barclay College Nursing Program,Barclay College,"$1,875,000.00 ",Moran,
Rural Housing Service,Rural Community Facilities Program,KS,Rawlins County Health Center Oncology Services Expansion,Rawlins County Health Center,"$608,000.00 ",Moran,
Rural Housing Service,Rural Community Facilities Program,KY,Ohio County Healthcare Hospital Infrastructure Improvement Project,Ohio County Hospital,"$1,350,000.00 ",McConnell,
Rural Housing Service,Rural Community Facilities Program,LA,City of Baker Satellite Fire Station,City of Baker,"$863,000.00 ",Kennedy,
Rural Housing Service,Rural Community Facilities Program,LA,Town of Farmerville Fire Department Renovations,Town of Farmerville Fire Department,"$263,000.00 ",Cassidy,
Rural Housing Service,Rural Community Facilities Program,LA,Northeast Louisiana Infusion Center,Franklin Medical Center,"$1,125,000.00 ",Kennedy,
Rural Housing Service,Rural Community Facilities Program,LA,"Fire Station in Zachary, Louisiana",CIty of Zachary,"$1,050,000.00 ",Kennedy,
Rural Housing Service,Rural Community Facilities Program,LA,Fire Station St. Bernard Parish,St. Bernard Parish Government,"$4,000,000.00 ",Cassidy, Kennedy
Rural Housing Service,Rural Community Facilities Program,MA,Nantucket Food Hub,"Nantucket Resource Partnership, Inc.","$1,000,000.00 ",Markey, Warren
Rural Housing Service,Rural Community Facilities Program,MA,Town of Ashby Highway Loader,Town of Ashby,"$188,000.00 ",Markey, Warren
Rural Housing Service,Rural Community Facilities Program,MA,WMPF Renovation Project,"Williamstown Meetinghouse Preservation Fund, Inc.","$1,500,000.00 ",Markey, Warren
Rural Housing Service,Rural Community Facilities Program,MA,"Monson Fire Station renovation, addition, repair project",Town of Monson,"$1,000,000.00 ",Markey, Warren
Rural Housing Service,Rural Community Facilities Program,MD,Berlin Community Center at Historic Flower Street School Site,Town of Berlin,"$1,400,000.00 ",Van Hollen,
Rural Housing Service,Rural Community Facilities Program,MD,Town of Barclay Community Center and Town Hall,Town of Barclay,"$1,044,000.00 ",Alsobrooks, Van Hollen
Rural Housing Service,Rural Community Facilities Program,MD,The Foxie G Foundation Horses Helping People Center,"The Foxie G Foundation, Inc","$428,000.00 ",Alsobrooks, Van Hollen
Rural Housing Service,Rural Community Facilities Program,MD,STEM Makerspace at the La Plata Library,Charles County Public Library,"$67,000.00 ",Alsobrooks, Van Hollen
Rural Housing Service,Rural Community Facilities Program,MD,Kent County EMS Headquarters Enhancement Project,Kent County Board of County Commissioners,"$45,000.00 ",Alsobrooks, Van Hollen
Rural Housing Service,Rural Community Facilities Program,ME,Town of Solon Public Works and Garage,Town of Solon,"$1,500,000.00 ",Collins,
Rural Housing Service,Rural Community Facilities Program,ME,Westfield Town Garage,Town of Westfield,"$1,574,000.00 ",Collins,
Rural Housing Service,Rural Community Facilities Program,ME,St. Albans Fire Station,Town of St. Albans,"$1,520,000.00 ",Collins,
Rural Housing Service,Rural Community Facilities Program,ME,Healthy Acadia—Safe Harbor Recovery Home,Healthy Acadia,"$465,000.00 ",King,
Rural Housing Service,Rural Community Facilities Program,ME,St. Agatha Fire Station,Town of St. Agatha,"$345,000.00 ",Collins, King
Rural Housing Service,Rural Community Facilities Program,ME,Marshfield Fire Station,Marshfield Volunteer Fire Department,"$756,000.00 ",Collins, King
Rural Housing Service,Rural Community Facilities Program,ME,Northport Community Center and Town Office,Town of Northport,"$2,325,000.00 ",Collins, King
Rural Housing Service,Rural Community Facilities Program,ME,Belgrade Fire and Rescue Station,Town of Belgrade,"$4,700,000.00 ",Collins, King
Rural Housing Service,Rural Community Facilities Program,ME,Littleton Town Garage,Town of Littleton,"$896,000.00 ",Collins, King
Rural Housing Service,Rural Community Facilities Program,ME,Swan’s Island Fire and Ambulance Station,Town of Swan’s Island,"$1,444,000.00 ",Collins, King
Rural Housing Service,Rural Community Facilities Program,ME,University of Maine at Machias Early College Student Support Center,University of Maine System,"$750,000.00 ",Collins, King
Rural Housing Service,Rural Community Facilities Program,ME,Thomaston Fire and EMS Facility,Town of Thomaston,"$3,500,000.00 ",Collins, King
Rural Housing Service,Rural Community Facilities Program,ME,A.B. Ricker Memorial Library,Town of Poland,"$750,000.00 ",Collins, King
Rural Housing Service,Rural Community Facilities Program,ME,Penobscot Storage Facility,Town of Penobscot,"$1,429,000.00 ",Collins, King
Rural Housing Service,Rural Community Facilities Program,ME,Owls Head STEM Community Center,Owls Head Transportation Museum,"$1,533,000.00 ",Collins, King
Rural Housing Service,Rural Community Facilities Program,ME,Searsmont Storage Facility,Town of Searsmont,"$970,000.00 ",Collins, King
Rural Housing Service,Rural Community Facilities Program,ME,MDI YMCA MultiPurpose Facility,Mount Desert Island YMCA,"$500,000.00 ",Collins, King
Rural Housing Service,Rural Community Facilities Program,MI,Big Creek Township Fire Department Emergency Radio Upgrade,Big Creek Township,"$74,000.00 ",Peters,
Rural Housing Service,Rural Community Facilities Program,MI,Northwest Regional Fire Training Center Training Building,Northwest Regional Fire Training Center Authority,"$80,000.00 ",Peters,
Rural Housing Service,Rural Community Facilities Program,MI,City of Rockwood Fire Engine Acquisition,City of Rockwood,"$765,000.00 ",Peters,
Rural Housing Service,Rural Community Facilities Program,MI,Lakeview District Fire Department Wildfire Rigs,Lakeview District Fire Department Wildfire Rigs,"$245,000.00 ",Peters,
Rural Housing Service,Rural Community Facilities Program,MI,Food Bank of Eastern Michigan Northern Expansion,Food Bank of Eastern Michigan,"$2,000,000.00 ",Slotkin,
Rural Housing Service,Rural Community Facilities Program,MI,Caro District Library Elevator Modernization,Caro Area District Library,"$200,000.00 ",Peters,
Rural Housing Service,Rural Community Facilities Program,MI,City of Berkley Fire Engine Replacement,City of Berkley,"$385,000.00 ",Peters,
Rural Housing Service,Rural Community Facilities Program,MI,Village of Ontonagon Plow Truck Acquisition Project,Village of Ontonagon,"$169,000.00 ",Peters,
Rural Housing Service,Rural Community Facilities Program,MI,City of Bad Axe Public Safety Building,City of Bad Axe,"$850,000.00 ",Peters,
Rural Housing Service,Rural Community Facilities Program,MI,Escanaba Public Safety Ladder Truck,City of Escanaba,"$700,000.00 ",Peters, Slotkin
Rural Housing Service,Rural Community Facilities Program,MN,Expanding Intergenerational Capacity at the Alexandria YMCA,Alexandria Area YMCA,"$1,700,000.00 ",Klobuchar, Smith
Rural Housing Service,Rural Community Facilities Program,MN,Apple Tree Learning Center Capacity and Infrastructure Project,Apple Tree Learning Center,"$1,000,000.00 ",Klobuchar, Smith
Rural Housing Service,Rural Community Facilities Program,MN,Bemidji Fire Department Fire Station 1 Upgrade,Bemidji Fire Department,"$450,000.00 ",Klobuchar, Smith
Rural Housing Service,Rural Community Facilities Program,MN,Early Childhood Hub and Community Center,KOOTASCA Community Action,"$315,000.00 ",Klobuchar, Smith
Rural Housing Service,Rural Community Facilities Program,MS,Desoto County AgriEducation Center,Desoto County Board of Supervisors,"$275,000.00 ",Wicker,
Rural Housing Service,Rural Community Facilities Program,MS,Batesville Aerial Ladder Fire Truck Replacement,City of Batesville,"$1,201,000.00 ",HydeSmith, Wicker
Rural Housing Service,Rural Community Facilities Program,NC,Southeastern Community College Truck Driver Training Program Expansion,Southeastern Community College,"$4,905,000.00 ",Tillis,
Rural Housing Service,Rural Community Facilities Program,NC,YMCA Blue Ridge Assembly Facilities Construction and Restoration,YMCA Blue Ridge Assembly,"$1,095,000.00 ",Tillis,
Rural Housing Service,Rural Community Facilities Program,NH,Unity Fire Station and Emergency Community Shelter,Town of Unity,"$2,100,000.00 ",Shaheen,
Rural Housing Service,Rural Community Facilities Program,NH,Drive to Safety,Belmont Police Department,"$73,000.00 ",Shaheen,
Rural Housing Service,Rural Community Facilities Program,NH,Croydon Schoolhouse Renovation and Expansion,Croydon School District,"$1,176,000.00 ",Shaheen,
Rural Housing Service,Rural Community Facilities Program,NH,Walpole Village School,The Walpole Foundation,"$830,000.00 ",Shaheen,
Rural Housing Service,Rural Community Facilities Program,NH,Chesley Memorial Library Energy Efficiency and Emergency Power Project,Chesley Memorial Library,"$95,000.00 ",Shaheen,
Rural Housing Service,Rural Community Facilities Program,NH,Cottage Hospital Asbestos Abatement,Cottage Hospital,"$1,725,000.00 ",Shaheen,
Rural Housing Service,Rural Community Facilities Program,NH,Walpole NH Police Station,Town of Walpole,"$2,058,000.00 ",Shaheen,
Rural Housing Service,Rural Community Facilities Program,NH,Replacement of Rescue Truck,Town of Gorham,"$301,000.00 ",Shaheen,
Rural Housing Service,Rural Community Facilities Program,NH,Bethlehem’s Transfer Station Project,Town of Bethlehem,"$750,000.00 ",Shaheen,
Rural Housing Service,Rural Community Facilities Program,NH,George B. White Solar Project,Town of Deerfield,"$248,000.00 ",Shaheen,
Rural Housing Service,Rural Community Facilities Program,NH,"Renovation and Upgrade to Health Sciences Facilities at Franklin Pierce University, Rindge Campus",Franklin Pierce University,"$1,000,000.00 ",Shaheen,
Rural Housing Service,Rural Community Facilities Program,NH,Maplewood Station Community Center,Maplewood Station,"$750,000.00 ",Shaheen,
Rural Housing Service,Rural Community Facilities Program,NH,Interrupting Intergenerational Addiction,Families Flourish Northeast Inc,"$1,000,000.00 ",Shaheen,
Rural Housing Service,Rural Community Facilities Program,NH,Hancock Fire Station Renovation Project,Town of Hancock,"$600,000.00 ",Shaheen,
Rural Housing Service,Rural Community Facilities Program,NJ,Old Tappan Fire Department Emergency Vehicle,Borough of Old Tappan,"$525,000.00 ",Kim,
Rural Housing Service,Rural Community Facilities Program,NJ,HSCFD Fire Truck 2025,Hopewell Township,"$186,000.00 ",Booker,
Rural Housing Service,Rural Community Facilities Program,NJ,Firehouse Critical Infrastructure Update,Runnemede Fire Company No 1,"$329,000.00 ",Booker,
Rural Housing Service,Rural Community Facilities Program,NJ,Dumont Borough Ladder Truck Request,Borough of Dumont,"$525,000.00 ",Booker, Kim
Rural Housing Service,Rural Community Facilities Program,NM,Isleta Learning Center,Pueblo of Isleta Department of Education,"$1,000,000.00 ",Heinrich,
Rural Housing Service,Rural Community Facilities Program,NM,Gila Regional Medical Center Utility Systems Upgrade,Gila Regional Medical Center,"$193,000.00 ",Heinrich,
Rural Housing Service,Rural Community Facilities Program,NM,Wildland Fire Engine,Village of Questa,"$375,000.00 ",Heinrich,
Rural Housing Service,Rural Community Facilities Program,NM,Zuni Pueblo Conservation Career and Cultural Preservation Center,Conservation Legacy,"$275,000.00 ",Heinrich,
Rural Housing Service,Rural Community Facilities Program,NM,Truchas VFD Fire Apparatus,Truchas Volunteer Fire Department,"$750,000.00 ",Heinrich,Lujan
Rural Housing Service,Rural Community Facilities Program,NM,Collaborative Expansion of Early Childhood Education in Luna County,"HELP New Mexico, Inc.","$1,575,000.00 ",Heinrich,Lujan
Rural Housing Service,Rural Community Facilities Program,NM,Communications Equipment for Firefighters,Rio Arriba County,"$1,100,000.00 ",Heinrich,Lujan
Rural Housing Service,Rural Community Facilities Program,NV,Ely Shoshone Tribe—Community Facility Center,Ely Shoshone Tribe,"$3,100,000.00 ",Cortez Masto, Rosen
Rural Housing Service,Rural Community Facilities Program,NY,Tioga Regional Career and Technical Education Center,Owego Apalachin Central School District,"$811,000.00 ",Schumer,
Rural Housing Service,Rural Community Facilities Program,NY,Wild Encounters Trail,Natural History Museum of the Adirondacks,"$466,000.00 ",Schumer,
Rural Housing Service,Rural Community Facilities Program,NY,Chenango Memorial Hospital—Facilities Improvements,"Chenango Memorial Hospital, Inc.","$667,000.00 ",Gillibrand,
Rural Housing Service,Rural Community Facilities Program,NY,"Expansion and Modernization of Arts Education, Early Childhood Education, and Nonprofit CoWorking Community Hub",Lake Placid Center for the Arts,"$1,000,000.00 ",Gillibrand, Schumer
Rural Housing Service,Rural Community Facilities Program,NY,TriCounty YMCA—Dave Gray Discovery Center,"TriCounty YMCA of New York, Inc.","$2,000,000.00 ",Gillibrand, Schumer
Rural Housing Service,Rural Community Facilities Program,NY,Art Omi—Pavilions at Chatham,Art Omi Pavilions at Chatham,"$1,000,000.00 ",Gillibrand, Schumer
Rural Housing Service,Rural Community Facilities Program,OH,Road Salt Storage Facility,Saint Joseph Township,"$43,000.00 ",Moreno,
Rural Housing Service,Rural Community Facilities Program,OH,Agricultural Service Center Renovation,Seneca County Board of Commissioners,"$560,000.00 ",Moreno,
Rural Housing Service,Rural Community Facilities Program,OH,Skips Landing Revitalization,Coshocton County Board of Commission,"$1,000,000.00 ",Husted, Moreno
Rural Housing Service,Rural Community Facilities Program,OK,Adolescent Centers for Teen Challenge of Oklahoma,Central Oklahoma Adult and Teen Challenge,"$1,162,000.00 ",Mullin,
Rural Housing Service,Rural Community Facilities Program,OK,Advising and Career Development Center,Western Oklahoma State College,"$175,000.00 ",Mullin,
Rural Housing Service,Rural Community Facilities Program,OK,Eastern Oklahoma State Rural Facilities Renovation,Eastern Oklahoma State College,"$375,000.00 ",Mullin,
Rural Housing Service,Rural Community Facilities Program,OR,Fire Station Construction,IdanhaDetroit Rural Fire Protection District,"$2,000,000.00 ",Merkley, Wyden
Rural Housing Service,Rural Community Facilities Program,OR,Wheeler Soil and Water Conservation District Conservation Community Center,Wheeler Soil and Water Conservation District,"$648,000.00 ",Merkley, Wyden
Rural Housing Service,Rural Community Facilities Program,PA,Warren County Emergency Radio Tower Project,Warren County Commissioners,"$550,000.00 ",McCormick,
Rural Housing Service,Rural Community Facilities Program,PA,"Center For Youth and Community Development Community Education Center in Adams County, PA",The Center For Youth and Community Development,"$500,000.00 ",Fetterman,
Rural Housing Service,Rural Community Facilities Program,PA,Palmerton Borough Police Building,Borough of Palmerton,"$550,000.00 ",McCormick,
Rural Housing Service,Rural Community Facilities Program,PA,"Laurel Arts Facility Preservation and HVAC Modernization in Somerset County, PA","Laurel Arts, Inc","$37,000.00 ",Fetterman,
Rural Housing Service,Rural Community Facilities Program,PA,Emporium Borough Town Hall Improvement Project,Borough of Emporium,"$508,000.00 ",Fetterman, McCormick
Rural Housing Service,Rural Community Facilities Program,RI,Glocester Public Safety Communications Tower,Glocester Police Department,"$237,000.00 ",Reed,
Rural Housing Service,Rural Community Facilities Program,RI,Block Island Maritime Institute Marine Mammal Rescue and Response and Conservation Project,Block Island Maritime Institute,"$250,000.00 ",Whitehouse,
Rural Housing Service,Rural Community Facilities Program,RI,Foster Public Safety Complex,Town of Foster,"$1,000,000.00 ",Reed,
Rural Housing Service,Rural Community Facilities Program,RI,Tiverton Fire Rescue Boat,Town of Tiverton,"$210,000.00 ",Reed,
Rural Housing Service,Rural Community Facilities Program,RI,Scituate Emergency Communication Enhancement Project,Town of Scituate,"$204,000.00 ",Reed,
Rural Housing Service,Rural Community Facilities Program,RI,Ashaway Ambulance Building Expansion,Ashaway Ambulance Association Inc,"$344,000.00 ",Whitehouse,
Rural Housing Service,Rural Community Facilities Program,RI,Fire SubStation,Jamestown Fire Department,"$248,000.00 ",Whitehouse,
Rural Housing Service,Rural Community Facilities Program,RI,West Greenwich Fire Radio System,Town of West Greenwich,"$311,000.00 ",Reed,
Rural Housing Service,Rural Community Facilities Program,SC,Blythewood Fire Station,Richland County,"$1,250,000.00 ",Graham,
Rural Housing Service,Rural Community Facilities Program,SC,Tega Cay Fire Department,Tega Cay Fire Department,"$533,000.00 ",Graham,
Rural Housing Service,Rural Community Facilities Program,SC,Town of Central Fire Station,Town of Central,"$2,000,000.00 ",Graham,
Rural Housing Service,Rural Community Facilities Program,VA,Town of Crewe Community Center,"Town of Crewe, Virginia","$376,000.00 ",Kaine, Warner
Rural Housing Service,Rural Community Facilities Program,VA,Appalachian Highlands Community Dental Center Safety Net Dental Lab Access,"Mission Dental Virginia, Inc. d/b/a Appalachian Highlands Community Dental Center","$303,000.00 ",Kaine, Warner
Rural Housing Service,Rural Community Facilities Program,VA,Town of Grundy Fire Truck Replacement,Town of Grundy,"$398,000.00 ",Kaine, Warner
Rural Housing Service,Rural Community Facilities Program,VA,Town of Lebanon Brush Truck Replacement,"Town of Lebanon, Virginia","$188,000.00 ",Kaine, Warner
Rural Housing Service,Rural Community Facilities Program,VA,Carroll County Wellness Center Restoration Expansion,"Carroll County Wellness Center, Inc.","$1,000,000.00 ",Kaine, Warner
Rural Housing Service,Rural Community Facilities Program,VA,Bedford County Community Center Renovation,"Bedford County, Virginia","$1,000,000.00 ",Kaine, Warner
Rural Housing Service,Rural Community Facilities Program,VT,Agriculture Training and Food Security at VYCC,Vermont Youth Conservation Corps,"$814,000.00 ",Welch,
Rural Housing Service,Rural Community Facilities Program,VT,Rockingham Municipal Fire Department SR Station,Town of Rockingham,"$598,000.00 ",Welch,
Rural Housing Service,Rural Community Facilities Program,VT,Town of Newark Highway Garage and Fire Station,Town of Newark,"$1,500,000.00 ",Sanders,
Rural Housing Service,Rural Community Facilities Program,WA,Installation of a Fixed MRI,Ocean Beach Hospital and Medical Clinics,"$847,000.00 ",Cantwell,
Rural Housing Service,Rural Community Facilities Program,WA,YMCA Camp Casey,YMCA of Snohomish County—YMCA Camp Casey,"$4,000,000.00 ",Murray,
Rural Housing Service,Rural Community Facilities Program,WA,Childcare Facility and Library,City of Republic,"$1,000,000.00 ",Cantwell,
Rural Housing Service,Rural Community Facilities Program,WA,Othello Fire Department,City of Othello,"$1,375,000.00 ",Cantwell, Murray
Rural Housing Service,Rural Community Facilities Program,WI,Bad River Boys and Girls Club Capital Project,Bad River Band of the Lake Superior Tribe of Chippewa Indians,"$3,350,000.00 ",Baldwin,
Rural Housing Service,Rural Community Facilities Program,WI,La Pointe Big Bay Town Park Project,Town of La Pointe,"$1,500,000.00 ",Baldwin,
Rural Housing Service,Rural Community Facilities Program,WI,Dodge County Childcare Center,Dodge County Housing Authority,"$950,000.00 ",Baldwin,
Rural Housing Service,Rural Community Facilities Program,WV,Poca Public Safety Building,Town of Poca,"$2,400,000.00 ",Capito,
Rural Housing Service,Rural Community Facilities Program,WV,Mullens Fire Department Building,Mullens Volunteer Fire Department,"$1,500,000.00 ",Capito,
Rural Housing Service,Rural Community Facilities Program,WV,Ridgeley VFC No.1 Fire Station,Ridgeley Volunteer Fire Company No.1,"$2,841,000.00 ",Capito,
Rural Housing Service,Rural Community Facilities Program,WV,Pocahontas County OEM Dispatch/Emergency Medical Service,Pocahontas County Commission,"$1,500,000.00 ",Capito, Justice
Rural Housing Service,Rural Community Facilities Program,WV,Sistersville General Hospital Bed Capacity Expansion,Sistersville General Hospital,"$3,580,000.00 ",Capito, Justice
Rural Housing Service,Rural Community Facilities Program,WV,Nicholas County Community Facilities Upgrades,Nicholas County Commission,"$602,000.00 ",Capito, Justice
Rural Utilities Service,"Distance Learning, Telemedicine, and Broadband Program",IL,Teledentistry initiative,Sarah Bush Lincoln Health Center,"$110,000.00 ",Durbin,
Rural Utilities Service,"Distance Learning, Telemedicine, and Broadband Program",OH,Appalachian Healthcare Access,Appalachian Children’s Health,"$500,000.00 ",Moreno,